0.1292034	-0.080815144	0.1308979	-0.020895788	0.061791435	0.14025745	-0.038974922	0.04804456	0.0747604	0.04407773	-0.092382714	0.02798595	-0.043090258	0.049547106	0.20173004	-0.20290813
0.08194226	-0.06595882	0.13323553	-0.035064444	0.021212552	0.09410026	-0.033566114	-0.023807874	0.012653876	0.04078859	-0.09539535	-0.044903073	-0.014886662	-0.0012438796	0.18530127	-0.18733497
-0.18061274	0.21567121	-0.06385742	-0.2873458	0.30130124	0.30378497	-0.27212214	-0.26417834	-0.28201357	-0.17499638	0.16983289	0.26123422	0.14042002	0.26188537	-0.06548193	-0.3329045
0.090309	0.0046453374	0.11496993	-0.07714011	0.13951372	0.16434267	-0.0779074	-0.031199949	0.02269386	-0.0017883626	-0.025763975	0.07514567	-0.036721945	0.0787494	0.10396778	-0.24130419
0.17243509	-0.07639415	0.13055125	0.07597156	-0.024971372	0.07494799	0.06051811	0.06351746	0.12459123	0.09257984	-0.082100146	-0.09103379	-0.10360969	0.0010076165	0.24771026	-0.11291462
0.13435361	-0.06815758	0.1781526	0.00082477403	-0.004821744	0.072720274	0.026430983	0.0028443953	0.037916493	0.0705033	-0.07841252	-0.06306614	-0.019306278	0.010136672	0.1711237	-0.057300527
-0.1349834	0.15769261	-0.04004365	-0.17139652	0.1594366	0.19621758	-0.15469685	-0.1523103	-0.1725853	-0.10094927	0.14319228	0.159514	0.14491569	0.14651008	-0.020292081	-0.17807633
0.13345529	-0.056307077	0.10633507	0.02358232	-0.0376755	0.05047365	0.0552323	0.038590055	0.1407861	0.06909399	-0.09571435	-0.07795257	-0.10051214	-0.06566321	0.20094006	-0.058522303
0.12203815	-0.05537676	0.16662364	0.04489984	0.061558414	0.022697514	-0.010991425	0.0041430243	0.060300156	0.11978732	-0.05848166	-0.018789755	-0.055743348	-0.0008123277	0.12781881	-0.033500567
0.14622146	-0.1360442	0.13768187	0.05519273	-0.03677968	-0.03751314	0.045043025	0.08201524	0.15271406	0.09912961	-0.1566002	-0.11848042	-0.09691423	-0.03702451	0.16269599	-0.0026370878
0.088977285	0.019577196	0.118637145	0.021182157	0.022004671	0.07551426	-0.0033324424	0.005265874	0.01091327	0.09110005	-0.07846239	-0.025731368	-0.069701806	0.03654155	0.08923975	-0.13048191
-0.056356646	0.076654315	-0.0395227	-0.13814183	0.15699236	0.0929267	-0.078087576	-0.0773045	-0.07545056	-0.0013651211	0.08675837	0.049268212	0.091594815	0.068842135	0.015058876	-0.16713119
0.10506649	-0.066599354	0.07188182	-0.036357712	0.021890435	0.06863654	-0.03474538	0.058997028	0.0113590285	0.09061629	-0.08543958	-0.03393964	-0.018739171	-0.021072136	0.10524991	-0.035629638
0.8620939	-0.8807416	0.8126507	0.8798401	-0.8738679	-0.7879976	0.81849617	0.81995434	0.88991326	0.94443923	-0.93354744	-0.86822563	-0.8890863	-0.91261756	0.82826376	0.7651403
0.04354674	0.014065054	0.11862177	0.00085350417	0.05383107	0.044792585	0.010965937	0.014792281	0.066746116	0.052086588	-0.08961979	0.0046757874	-0.039761692	-0.010187056	0.073896915	-0.1214597
0.049562193	-0.016385596	0.10082539	-0.006933317	0.0319724	0.0457612	0.06053646	0.04100985	0.039989132	0.09129497	-0.056636587	-0.059646685	-0.062442724	-0.011341935	0.13241641	-0.1383196
-0.19069812	0.18730955	-0.09734807	-0.2355973	0.20580527	0.2034405	-0.218773	-0.18520172	-0.1735761	-0.20696986	0.1478936	0.18248653	0.17846154	0.2152758	-0.062263902	-0.19761947
-0.17483477	0.21125671	-0.10597072	-0.17264417	0.18897147	0.12699293	-0.15552929	-0.1640725	-0.19358914	-0.15615931	0.11338036	0.19089553	0.19166711	0.18568835	-0.10675513	-0.15075362
-1.1962628	1.2375753	-1.0135691	-1.2741079	1.1796381	1.0999304	-1.2000229	-1.055851	-1.2231373	-1.1305712	1.2405194	1.0987189	1.0813888	1.1495924	-0.97524655	-1.0672112
-0.8005356	0.79745114	-0.6081946	-0.8488656	0.83989996	0.78675	-0.7731005	-0.75970155	-0.81245035	-0.7642642	0.76920277	0.7503028	0.75094825	0.8237221	-0.6224796	-0.7278399
0.021497482	-0.015057181	0.031699542	-0.052972402	0.09392613	0.03723385	-0.02008428	-0.049973253	-0.0064773583	-0.06704628	0.011960192	0.057090316	-0.0146495905	0.096543305	0.075276926	-0.14709535
0.1689466	-0.14513862	0.2232243	0.15565497	-0.10153361	-0.015655473	0.08382426	0.09455105	0.21047412	0.23119338	-0.18401429	-0.14747474	-0.17875905	-0.12536852	0.24820553	0.02848886
-0.15388145	0.1208281	-0.0069781975	-0.1341688	0.14851038	0.23645826	-0.18350233	-0.16860484	-0.18115027	-0.09596454	0.114824146	0.16920331	0.11255654	0.17592524	-0.03458578	-0.21023294
-0.122971036	0.0812258	-0.13371576	-0.17417471	0.08564296	0.17601486	-0.11170075	-0.13829255	-0.098425455	-0.055847976	0.15681347	0.122092	0.09522748	0.10574345	-0.09625405	-0.077213205
-0.08039548	0.09333816	-0.024059799	-0.11647768	0.11271894	0.16236652	-0.11302728	-0.07003674	-0.09886885	-0.11561835	0.04980906	0.12623036	0.0715329	0.12555344	-0.038354293	-0.15245895
-0.21155962	0.20227134	-0.11699733	-0.19853781	0.1982863	0.21679401	-0.17475146	-0.15387389	-0.23656689	-0.1837492	0.19347699	0.17224592	0.23846687	0.1742386	-0.11775371	-0.21436642
-0.044785608	0.069671616	0.06864061	-0.057973053	0.046879195	0.15116765	-0.08943076	-0.009898473	-0.05432677	0.03839007	0.025843557	0.009960089	0.0339775	0.11362463	0.01635012	-0.167769
-0.18360235	0.13449575	-0.10402181	-0.15388179	0.21261273	0.19696198	-0.17670162	-0.12244334	-0.13663092	-0.15512244	0.1423242	0.12898394	0.15410724	0.17364022	-0.053878207	-0.18788642
0.043795705	-0.013460862	0.12662984	0.07501791	0.016286375	0.023239708	0.0010099902	0.00877204	0.03602751	0.1251844	-0.11693028	-0.07702556	-0.071921006	-0.042102683	0.16343705	-0.040836044
0.13571148	-0.07435062	0.13923067	0.120863006	-0.07657701	-0.051467627	0.118108824	0.089139424	0.12537855	0.093010366	-0.073435076	-0.06390531	-0.12536398	-0.13893177	0.1276042	0.029554322
0.035405636	0.02801377	0.043233104	0.047889855	-0.0130558275	-0.02902885	-0.040777847	0.00055799563	0.02833505	0.024847504	0.024324574	-0.027692117	-0.03599054	0.0029372761	-0.0016590412	0.057635844
0.20292772	-0.26263216	0.25363004	0.1673191	-0.23123267	-0.16024107	0.18648557	0.24354161	0.26912048	0.2799515	-0.2390549	-0.15607788	-0.24194004	-0.25269505	0.2584368	0.101312295
-0.16873083	0.26425183	-0.14991151	-0.22400872	0.28208202	0.24490875	-0.28333575	-0.20352907	-0.20171668	-0.23349716	0.20018573	0.20575064	0.22333725	0.26303935	-0.10284526	-0.29456493
-0.1826684	0.23863891	-0.16663706	-0.28880757	0.25356114	0.23333517	-0.28005633	-0.23555002	-0.21542029	-0.19878452	0.21230815	0.18955281	0.15912168	0.27531534	-0.09615683	-0.26764745
-0.22224893	0.28540722	-0.20236754	-0.32771614	0.32250202	0.26244888	-0.31292775	-0.28100047	-0.2612533	-0.21048313	0.23759414	0.29947898	0.28259173	0.29204553	-0.14672303	-0.32475653
-0.11547635	0.050486576	0.00034120586	-0.09613227	0.06326266	0.14475164	-0.12557052	-0.10595824	-0.08631502	-0.102501035	0.052483905	0.1019859	0.06648151	0.12772943	-0.016222928	-0.14837141
-0.10808086	0.106897466	-0.09039234	-0.06968808	0.12965728	0.124906085	-0.14552744	-0.13775364	-0.07157423	-0.11906646	0.10124382	0.107259944	0.073145725	0.070827246	-0.0682608	-0.12087916
0.02768035	-0.066324	0.11978593	-0.0032420473	-0.008127412	-0.0035093315	0.057757657	0.09215074	0.0119511485	0.0701626	-0.02056255	-0.043151822	-0.06770722	-0.057343304	0.10141081	-0.05908186
-0.02135958	0.10787129	-0.067749254	-0.07413914	0.14121152	0.16528638	-0.08920325	-0.11844451	-0.12284233	-0.080754474	0.087642774	0.0900149	0.10320709	0.061801396	-0.04878787	-0.12954009
0.42202333	-0.35013744	0.321106	0.4532484	-0.42383865	-0.40089223	0.36507764	0.3183483	0.44256896	0.42805395	-0.37005004	-0.39191124	-0.41198263	-0.42325816	0.34564662	0.3500228
0.066169605	-0.0742094	0.09085655	0.09544691	-0.003965657	0.0057329233	0.04318739	0.053874888	0.023507776	0.077196725	-0.07150563	-0.09369858	-0.0787081	-0.08676396	0.1175892	0.013871567
-0.4696184	0.5178113	-0.39764437	-0.59468	0.57066166	0.50240725	-0.56101745	-0.5190076	-0.5137622	-0.5225491	0.551145	0.553088	0.53271264	0.5897839	-0.4202911	-0.54586744
-0.07721435	0.07526305	0.012118474	-0.09661501	0.16989855	0.111144364	-0.04249265	-0.09623577	-0.062118705	-0.051064767	0.051809646	0.092569426	0.060934585	0.08021539	0.0012232942	-0.1228523
-0.041345604	0.064885765	-0.0004940525	-0.07799831	0.106857784	0.15112989	-0.07781151	-0.115710296	-0.07859466	-0.09677079	0.101446755	0.096064866	0.064412825	0.13983342	-0.005190909	-0.10659904
0.021821711	-0.014710565	0.04169175	0.056663264	-0.039799143	0.05294963	-0.03421201	0.021162799	0.071543634	0.043327216	-0.017669572	-0.0051964954	-0.059353437	-0.04285236	0.10737023	-0.015837783
0.2610221	-0.30273604	0.31411815	0.27385008	-0.2517117	-0.1930439	0.29175043	0.24373713	0.24010284	0.28882372	-0.30721492	-0.24161749	-0.24061516	-0.25664756	0.27502128	0.19924426
-0.021253543	0.022230046	-0.0044869105	-0.047793444	0.08549508	-0.007173627	-0.029075695	-0.03092429	-0.027250025	-0.048291598	0.02598096	0.056136437	0.032699324	0.07090496	0.009913191	0.024538774
-1.0413898	1.0131738	-0.87866485	-1.0647595	1.1119703	0.96207595	-1.0579127	-0.92790896	-1.0895551	-1.0355208	1.1108656	1.0418348	0.98950356	1.0270875	-0.8748642	-0.9285499
0.24777833	-0.19484815	0.27115434	0.18184012	-0.19955966	-0.12102299	0.18900047	0.16982931	0.23578638	0.17951387	-0.24146661	-0.1707584	-0.23598266	-0.22947684	0.19518952	0.17250516
-0.19845505	0.20162268	-0.15176229	-0.1900656	0.17679177	0.18615356	-0.19366008	-0.17430514	-0.16699414	-0.14469427	0.15437673	0.14765052	0.17944716	0.15219176	-0.15920831	-0.23139757
0.56229836	-0.60588753	0.55359185	0.5434819	-0.5218772	-0.4809656	0.6047949	0.55655515	0.59643507	0.55048037	-0.64144784	-0.5457576	-0.5554131	-0.5164724	0.60395336	0.4528939
-0.106158875	0.16289572	-0.11624585	-0.18900974	0.1416237	0.19612537	-0.19384548	-0.16795991	-0.18872054	-0.12440013	0.13408104	0.12083847	0.15657604	0.13759856	-0.14452086	-0.14331532
-0.031697158	0.09040122	-0.09708765	-0.089707166	0.024701826	0.061980024	-0.07983595	-0.1057388	-0.071818985	-0.086942956	0.10882892	0.020389691	0.039250407	0.11207854	-0.031571902	-0.08559571
0.23142733	-0.19428986	0.15728341	0.14642893	-0.12702549	-0.18752949	0.17468995	0.2039209	0.18751276	0.17236309	-0.15047279	-0.16131553	-0.14931071	-0.20177732	0.15426973	0.15824874
-0.8335165	0.9013958	-0.7791559	-0.86952	0.91439104	0.7642347	-0.80848294	-0.7710642	-0.84885454	-0.87695235	0.82329535	0.8756932	0.7881073	0.828011	-0.7926949	-0.80060744
-0.024540983	0.02933942	-0.0054237433	-0.08589931	0.08641764	0.11935606	-0.07764619	-0.050596807	-0.01631917	0.038944777	0.023610866	0.040224776	-0.03960576	0.05479328	0.07378202	-0.06429756
0.018695349	-0.09189936	0.07246306	0.053767104	-0.043656383	-0.008053122	0.0050504534	0.076924905	0.10053379	0.049356412	-0.07240697	-0.04836584	-0.01096007	0.016463265	0.10329104	-0.005007242
-0.08354111	0.13695239	-0.041321274	-0.11448569	0.11355634	0.14635177	-0.07333195	-0.032282636	-0.09285184	-0.033586986	0.0767589	0.07983812	0.022498012	0.09829151	-0.023477534	-0.12029783
-0.25079983	0.33604133	-0.23863594	-0.32866335	0.3332703	0.34941497	-0.2833663	-0.24669516	-0.2729613	-0.31217748	0.31526822	0.30782506	0.23195049	0.27386218	-0.22460514	-0.3195525
0.15316819	-0.0877472	0.094249114	0.17508231	-0.13531467	-0.12359205	0.16135399	0.13345	0.12627175	0.13116093	-0.119351484	-0.13746177	-0.11645271	-0.18591614	0.10182827	0.11605039
0.098526485	-0.09899252	0.095078565	0.055228345	-0.06302368	-0.09565591	0.046143327	0.0700487	0.06749634	0.08801496	-0.06694275	-0.014401686	-0.108914286	-0.035412233	0.10013665	0.07676648
0.10028866	-0.04358902	0.107156955	0.04091662	-0.008961423	0.03365189	-0.011987838	0.036455244	0.07697731	0.089631185	-0.10565988	0.0011348659	-0.056535374	-0.039146822	0.11176448	-0.110851794
0.25279185	-0.20828007	0.15675403	0.2675197	-0.24375644	-0.24645764	0.26100466	0.20772178	0.24448884	0.21624774	-0.22219343	-0.22343047	-0.1819075	-0.24270926	0.11358592	0.25925347
0.33166823	-0.30385566	0.31515697	0.28181848	-0.28708148	-0.22038685	0.32233995	0.32215014	0.3564685	0.3598838	-0.39789978	-0.31654835	-0.35932112	-0.33373287	0.35351214	0.23194982
0.25310037	-0.15895115	0.18515891	0.19197932	-0.17486049	-0.10641523	0.14043976	0.1360808	0.20605895	0.2270941	-0.23041138	-0.1773969	-0.19628982	-0.14424838	0.21184398	0.037432913
-0.12590474	0.17767835	-0.05325122	-0.2422433	0.22241619	0.2294988	-0.20302483	-0.14839108	-0.15905018	-0.111173876	0.16009943	0.22511485	0.1597755	0.22847411	-0.11378373	-0.24982125
0.3332995	-0.39385167	0.39131638	0.34081495	-0.3519115	-0.2875071	0.35169917	0.35287493	0.37127247	0.41760597	-0.42611328	-0.3216611	-0.3588644	-0.32442868	0.34946373	0.20771053
0.4482667	-0.51866776	0.45955208	0.49730113	-0.46114567	-0.42182437	0.45097795	0.411847	0.5117606	0.46770674	-0.43291703	-0.46537226	-0.42319122	-0.42448628	0.49368665	0.38262606
0.31063935	-0.2866737	0.28091878	0.2721956	-0.25926524	-0.2025045	0.264428	0.22052081	0.31089976	0.25586262	-0.27900773	-0.19235857	-0.28915188	-0.22422092	0.27760658	0.18430853
-0.42878255	0.47532836	-0.36388454	-0.5255179	0.49380028	0.45626116	-0.5305254	-0.44809654	-0.5006194	-0.4689085	0.45749965	0.48037913	0.49586394	0.49474347	-0.38624385	-0.52555966
-0.2534607	0.2814564	-0.15920289	-0.20293413	0.28934565	0.17788845	-0.25871542	-0.2418816	-0.20212047	-0.1810255	0.2223287	0.1744984	0.21204151	0.2545601	-0.19666854	-0.1817839
0.0782751	-0.059064902	0.09712188	0.07741012	-0.004241018	-0.005215889	0.06261491	0.03689956	0.082051985	0.0855333	-0.028214803	-0.03449112	-0.0714405	-0.026021343	0.06176413	-0.03302963
-0.9293267	0.9412167	-0.74398154	-0.984186	0.96307176	0.87278116	-0.92771095	-0.8467944	-0.943284	-0.9531919	0.89495015	0.87019783	0.9095355	0.95907533	-0.8050439	-0.8992257
0.08591208	-0.13611037	0.13827331	0.14781436	-0.12496761	-0.03617917	0.073440984	0.14158845	0.09605302	0.1311348	-0.09198041	-0.11613778	-0.15346465	-0.068913646	0.15606277	0.08329463
0.101753764	-0.09666478	0.11005893	0.058385234	0.004944058	0.011308096	0.093090884	0.04151045	0.10557619	0.10445973	-0.1186939	-0.065565266	-0.041094933	-0.094864406	0.09580335	-0.015750097
-0.91859186	0.943664	-0.7932804	-0.89841795	0.93106544	0.7896267	-0.88117886	-0.84372777	-0.8707926	-0.9250859	0.8989241	0.8227856	0.823666	0.88320345	-0.7928816	-0.7558871
0.04866591	-0.013038861	0.07327295	0.033397667	0.020627439	-0.011204817	0.07022874	0.006195004	0.027240576	0.035076827	-0.110507116	-0.051003512	-0.038394973	-0.027901022	0.1475403	-0.00877929
0.17173001	-0.17398869	0.24417983	0.14022477	-0.11147136	-0.13307807	0.17840764	0.157816	0.17720027	0.2017839	-0.23587614	-0.11972932	-0.15043171	-0.18503287	0.20890728	0.026626902
0.39245823	-0.43426323	0.44064015	0.36850962	-0.42243934	-0.30293265	0.37883097	0.39076847	0.46361685	0.42109895	-0.38248467	-0.39834666	-0.42441472	-0.43214864	0.4218262	0.2501622
-0.46374854	0.5097841	-0.47996703	-0.6005118	0.5385466	0.53327525	-0.53163457	-0.49763957	-0.4947293	-0.4986099	0.56980294	0.5525866	0.53922313	0.53924304	-0.4499775	-0.51155394
0.20225593	-0.16052794	0.12203242	0.17251153	-0.06792482	-0.08429245	0.14545953	0.09000188	0.15145493	0.14153928	-0.11506345	-0.11234839	-0.14621407	-0.15097646	0.17733802	0.054817248
-0.18069921	0.1487315	-0.17203063	-0.2262839	0.20931748	0.1705219	-0.17737216	-0.13264745	-0.16195984	-0.22491968	0.20253201	0.23364657	0.20981507	0.15330821	-0.1299336	-0.22473577
0.244171	-0.2672275	0.24711984	0.17548795	-0.17611624	-0.12148412	0.24440433	0.2523833	0.27696124	0.29862916	-0.30292872	-0.25854433	-0.25656208	-0.19296448	0.27291995	0.084600106
0.04828407	-0.0013360265	0.006346958	-0.0034447778	0.026601847	0.087028034	-0.04401662	0.0018285298	-0.03212539	0.004300704	0.009812564	0.027694328	-0.023057194	0.069275565	0.06124181	-0.05579452
0.03248337	-0.05693663	0.031788375	-0.003001705	-0.029756395	0.04650052	-0.00998577	-0.019518781	0.019046923	0.026416909	-0.0669371	0.031533636	0.009926449	-0.03665002	0.09317642	-0.09297768
0.59958684	-0.5633333	0.50719196	0.55130374	-0.5553685	-0.4417847	0.5321932	0.5323456	0.56820726	0.5357688	-0.5767672	-0.5538546	-0.51190656	-0.5246139	0.5816726	0.34894523
0.27609545	-0.25036174	0.31809786	0.3032203	-0.21975704	-0.22973806	0.25623035	0.28205338	0.27637276	0.25390834	-0.2433417	-0.22183736	-0.29786468	-0.22008282	0.31772128	0.23753521
-0.9738234	0.98328537	-0.816064	-1.035594	1.0217333	0.8980165	-0.9419312	-0.8682433	-0.9775217	-0.9314551	0.98966604	0.94128615	0.98023885	1.0268463	-0.8426277	-0.8743043
-0.55083597	0.5810802	-0.3633456	-0.5886014	0.55009085	0.5029892	-0.4872028	-0.49229345	-0.55253255	-0.4641666	0.50505424	0.4841549	0.4425491	0.5380071	-0.35473675	-0.5104248
-0.07827585	0.15256026	-0.046819493	-0.17168196	0.14651741	0.167442	-0.13733236	-0.12817545	-0.1747531	-0.1073707	0.15744844	0.10301425	0.09524003	0.10624311	-0.07123259	-0.13482226
0.17913258	-0.169946	0.13576442	0.16635408	-0.15365995	-0.15749626	0.16260363	0.08662031	0.13862337	0.111326225	-0.124271914	-0.10486676	-0.09601608	-0.10682222	0.12439451	0.17103758
-0.106999636	0.08012811	-0.16877887	-0.0835085	0.16675682	0.13108067	-0.16556592	-0.14638336	-0.13587672	-0.100260384	0.16821139	0.14725937	0.08787531	0.13054393	-0.14794421	-0.115642935
-0.040298507	0.116539076	-0.03014583	-0.09027106	0.16007882	0.15602829	-0.0715828	-0.10313445	-0.1019222	-0.048755083	0.06267428	0.04082454	0.091736116	0.07967569	-0.018432451	-0.15057145
0.3300639	-0.32762334	0.27929527	0.29829192	-0.330101	-0.32832897	0.3238168	0.24976434	0.35712042	0.28705323	-0.30683103	-0.31991747	-0.2902782	-0.295391	0.23224723	0.31899166
0.08859561	-0.10523699	0.065058835	0.12334323	-0.12194937	-0.0886951	0.116008416	0.10316791	0.049223058	0.109923676	-0.06655503	-0.11891769	-0.12720236	-0.07572393	0.07654378	0.06010438
-0.5332093	0.52488416	-0.44056645	-0.5322527	0.55069923	0.4942239	-0.5149352	-0.50573206	-0.48102614	-0.4608126	0.46761695	0.48294398	0.46450987	0.5089281	-0.43416935	-0.51723456
0.15589418	-0.09767993	0.102438524	0.055240463	-0.03431301	-0.040551484	0.075389266	0.09395712	0.04616225	0.1392289	-0.081694424	-0.10080067	-0.046052963	-0.018694567	0.14939015	-0.0022258812
-0.11333116	0.19123808	-0.13174877	-0.2243091	0.22870131	0.20359384	-0.17042148	-0.12813587	-0.14887847	-0.09270835	0.119411774	0.18756422	0.14576253	0.18666176	-0.04815638	-0.2545145
-0.2585721	0.2416656	-0.22385556	-0.17557476	0.20185462	0.22568353	-0.20863445	-0.22604875	-0.19258682	-0.23290332	0.2037254	0.23683392	0.18500899	0.20298368	-0.17610909	-0.19998367
0.10228528	-0.019277997	0.035090473	-0.0008683138	-0.059328575	-0.02083551	0.032403793	0.008760406	0.055473298	0.0799762	-0.08363499	-0.011361033	-0.0603152	-0.03823043	0.10741635	0.016306983
-0.113666154	0.102976955	-0.05211978	-0.12964241	0.13302797	0.14737584	-0.14522704	-0.076019496	-0.06918161	-0.15667352	0.09152773	0.16580422	0.093775995	0.16438755	-0.055352546	-0.11375191
-0.2025347	0.2589307	-0.13787758	-0.2873797	0.2917619	0.2754195	-0.18813184	-0.20315588	-0.1817037	-0.15733024	0.2311681	0.19784626	0.17607738	0.22172734	-0.10397016	-0.2938497
0.12750952	-0.041896828	0.067079075	0.064324714	-0.07380851	-0.003989633	0.037158355	0.014157476	0.12415626	0.0803599	-0.055913992	-0.046456292	-0.10014456	-0.060131382	0.102255635	0.019270066
0.078718394	-0.03336841	0.011660989	0.0069390833	-0.009476167	0.00947064	0.010285706	0.026690684	0.021256495	0.05088301	-0.07127497	-0.031718228	-0.070338584	0.014759372	0.03941752	-0.03138766
0.5151906	-0.4781008	0.51911443	0.4188588	-0.4706041	-0.34823227	0.40080398	0.46431735	0.42333633	0.44338655	-0.5023648	-0.44268787	-0.4550469	-0.39671823	0.5026721	0.2975244
0.15243846	-0.15162708	0.15677398	0.10722783	-0.11055247	-0.09516836	0.16967805	0.1542597	0.16205989	0.16798455	-0.1573204	-0.09037776	-0.16467208	-0.10584477	0.24086396	0.08205442
0.24430668	-0.17753497	0.22698116	0.13863644	-0.12848246	-0.18296891	0.22088982	0.18247694	0.16884218	0.17631231	-0.2153492	-0.1574019	-0.17278494	-0.18578349	0.24166368	0.094120204
0.039070103	0.031216305	0.0772835	-0.053889155	0.020599704	0.05876694	0.005531262	0.03275304	0.037231673	0.04938597	0.01811877	-0.020381082	0.021617277	-0.013735	0.074172765	-0.07947723
0.06963302	-0.08546191	0.10153587	0.09304242	-0.011943122	-0.014654688	0.016510978	0.05811438	0.02515442	0.08759837	-0.05567481	-0.09583189	-0.08201105	-0.053774297	0.09391514	-0.018145153
-0.06630598	0.0976186	-0.058274265	-0.037076693	0.039098136	0.084419236	-0.015127128	-0.0474583	-0.082941964	-0.03829926	0.04464996	0.050455555	-0.00014767496	0.060518693	-0.010611523	-0.06838889
-0.18513794	0.26545352	-0.14299083	-0.22821651	0.27093333	0.26290753	-0.21091351	-0.1933966	-0.27795386	-0.185103	0.18236202	0.1923704	0.1800437	0.29532433	-0.2032135	-0.29759133
0.9823884	-0.925536	0.90985227	1.0118104	-0.90724427	-0.8875312	0.88214886	0.91113424	0.957571	0.95914525	-0.994402	-0.9406586	-0.9034867	-0.8869751	0.87654346	0.80683714
0.21872142	-0.21702327	0.20093957	0.22879215	-0.15453224	-0.20006435	0.1953116	0.2353036	0.20924595	0.19786812	-0.21956901	-0.24738836	-0.18813063	-0.16493355	0.24846564	0.15060245
-0.007628462	0.034681182	0.104742646	0.01705748	0.054393128	0.04266742	0.034835916	-0.021449171	0.044355158	0.063749366	-0.047670282	0.029839663	-0.01925836	0.05498464	0.04535458	-0.08707412
0.8353511	-0.86264545	0.8222201	0.88011086	-0.88145924	-0.7911243	0.8536294	0.8439802	0.8915965	0.84161115	-0.86189157	-0.8531006	-0.8033639	-0.8821981	0.77497655	0.7588685
0.20792057	-0.18247174	0.19511995	0.1907967	-0.148981	-0.12298055	0.18753591	0.14873181	0.12422612	0.20290364	-0.16259718	-0.16270715	-0.20845129	-0.17104326	0.1887583	0.14431442
0.05027195	-0.043145113	0.107497185	0.09589283	-0.069059916	-0.07004378	0.037522975	0.044973493	0.02894687	0.045382794	-0.080188416	-0.03726506	-0.054598603	-0.056482065	0.10763469	0.017450757
0.033967517	0.0018634213	0.10505601	0.02463869	0.032583572	0.045166522	0.010127626	-0.006175764	-0.013349595	0.045461185	-0.03064769	-0.04741848	-0.026174337	-0.04841195	0.05412828	-0.01473395
0.7588782	-0.7102956	0.6985022	0.7941681	-0.74103576	-0.65045947	0.71808064	0.6598568	0.7436191	0.681194	-0.7010162	-0.6521317	-0.7032803	-0.6680476	0.667253	0.56592643
-0.14980747	0.10022102	-0.15197632	-0.115603045	0.12029416	0.123760946	-0.13281819	-0.15930076	-0.121242	-0.16388366	0.097483896	0.12643914	0.12973703	0.100671574	-0.189218	-0.07502567
0.6244948	-0.7022401	0.6026914	0.71162814	-0.7044956	-0.63836837	0.68697524	0.6032734	0.68251806	0.65901047	-0.62341565	-0.6694905	-0.625111	-0.62327975	0.55075085	0.6305376
0.113339536	-0.07827274	0.12860483	-0.0012686137	0.015526287	0.06373627	0.052701574	0.008322275	0.057442755	0.070456795	-0.08752761	-0.011810622	-0.10602664	-0.06587322	0.13207737	-0.08284926
-0.08138634	0.14875586	-0.027597569	-0.15040655	0.15022211	0.08638889	-0.078958854	-0.11530439	-0.15021114	-0.08153324	0.079100534	0.09116957	0.08311662	0.11535066	-0.10688936	-0.15230298
-0.9966406	1.0221503	-0.92908263	-1.0227015	0.98653835	0.87889755	-0.9968474	-0.9260008	-1.0106379	-1.0007323	1.0708468	0.99592936	0.94648767	1.0350108	-0.85292184	-0.86228937
0.7944386	-0.8376903	0.85469	0.82983404	-0.77842927	-0.7293825	0.7806703	0.77855706	0.8299938	0.8074402	-0.8390556	-0.7537394	-0.83768517	-0.8351083	0.741674	0.6650851
0.1580272	-0.12009001	0.2260766	0.1152811	-0.14708349	-0.12367013	0.08403871	0.14231771	0.20167245	0.15005098	-0.18979277	-0.07905696	-0.141004	-0.11198873	0.1985883	0.00081703067
0.3097713	-0.31170684	0.40350807	0.37286025	-0.26500586	-0.31083468	0.3478852	0.30970323	0.32134116	0.3237788	-0.31223688	-0.3048435	-0.29912615	-0.30635518	0.34100032	0.23802711
-0.60817415	0.7061659	-0.5718406	-0.71908665	0.6588935	0.59514713	-0.67984533	-0.60667205	-0.7105746	-0.6223406	0.6819275	0.5979437	0.6760187	0.69384307	-0.5679032	-0.573998
0.43514937	-0.4666679	0.3751402	0.4956064	-0.49973953	-0.3959933	0.4656852	0.44633284	0.496354	0.5038988	-0.49981436	-0.39337122	-0.4340173	-0.4495991	0.410138	0.39398554
0.4012231	-0.45165873	0.3929777	0.46864277	-0.42638037	-0.39588425	0.37723142	0.36979777	0.43710777	0.38726702	-0.42592672	-0.42546132	-0.3574032	-0.44927317	0.3539188	0.3394407
-0.046082232	0.054293696	-0.027680693	-0.111792035	0.1222601	0.13216819	-0.05774897	-0.09320512	-0.09699007	-0.08016156	0.12997694	0.13168092	0.102713354	0.11626371	-0.08627588	-0.06072164
-0.23911525	0.21400015	-0.26368788	-0.3197455	0.27754804	0.25636205	-0.3043128	-0.28849298	-0.2131191	-0.28595302	0.25546873	0.30123895	0.21108395	0.26634473	-0.22307995	-0.28489262
-0.17902729	0.19312218	-0.11795681	-0.26467085	0.22839281	0.2120275	-0.23255463	-0.17278309	-0.20753804	-0.20722198	0.17753577	0.1856273	0.17805505	0.25850123	-0.19458143	-0.21454895
0.008834917	-0.09221512	0.061334226	0.024119774	-0.08406692	-0.032546874	0.05026778	0.017470842	0.05768464	0.07601455	-0.040592078	-0.009158067	-0.026255982	-0.0009861742	0.038716562	0.029636106
0.055443462	-0.017001884	0.03079704	-0.013414428	-0.035754953	-0.0026895066	0.017969942	0.03495587	0.006021518	0.054905776	0.001560026	0.020222776	-0.052724093	-0.046279434	0.102136895	-0.006980216
-0.39274803	0.46245235	-0.3303417	-0.48193684	0.48914534	0.39037165	-0.4751603	-0.43915397	-0.44356865	-0.4567117	0.4756096	0.4708153	0.40759256	0.4927316	-0.40173456	-0.449437
-0.06281472	0.043111693	-0.069936916	-0.09851442	0.012184887	0.037493866	-0.09143362	-0.018072976	-0.023833396	-0.07076501	0.08608802	0.005242887	0.014315329	0.017550673	-0.030586315	-0.038993247
0.41265517	-0.32195926	0.3305627	0.39372632	-0.3477618	-0.26347747	0.30748975	0.3623567	0.38475472	0.37949103	-0.35455942	-0.3593858	-0.33441225	-0.3615974	0.38300496	0.3215429
-0.3015233	0.36092722	-0.24821575	-0.29276478	0.31002635	0.3391841	-0.29870313	-0.25783864	-0.27239975	-0.29825082	0.34837428	0.3203793	0.33379433	0.31298262	-0.2380295	-0.2977491
-0.18105981	0.20119582	-0.1126601	-0.1747522	0.24027999	0.17995194	-0.18992126	-0.18604614	-0.15956448	-0.16959253	0.1904162	0.22611244	0.15509124	0.22661129	-0.12842165	-0.15678953
0.8135931	-0.77953863	0.76632804	0.8407613	-0.7829992	-0.6880861	0.82528484	0.7613895	0.83151805	0.853733	-0.7943293	-0.7592333	-0.74339986	-0.747966	0.7412948	0.6202082
-0.47304	0.47678488	-0.47777078	-0.56354094	0.5396597	0.45929152	-0.4692676	-0.4371541	-0.55028224	-0.46321222	0.55990505	0.49156368	0.4460183	0.45296112	-0.44003886	-0.33724582
-0.14956741	0.23161794	-0.11317813	-0.18410066	0.2649844	0.16059442	-0.14748245	-0.18751141	-0.24283952	-0.20226017	0.21934958	0.1874562	0.20309617	0.2053417	-0.16942255	-0.1815489
0.90833366	-1.0053735	0.809423	1.0320518	-0.9533682	-0.81912065	0.9153337	0.907283	1.0117165	0.8906249	-0.9368606	-0.8733451	-0.9272805	-0.9679285	0.87032086	0.8154484
-0.28804412	0.28182054	-0.25151664	-0.26218906	0.24832651	0.2113307	-0.2421951	-0.27671608	-0.2883643	-0.20340358	0.28350452	0.22803336	0.25421917	0.27210248	-0.17456782	-0.25088617
-0.63477653	0.57589036	-0.59102887	-0.59998864	0.5743488	0.564248	-0.63837796	-0.5671795	-0.62461644	-0.58623934	0.57277703	0.6081602	0.5903905	0.6532327	-0.55301076	-0.5428514
0.08967791	-0.046276677	0.05458446	0.055074666	-0.051451698	-0.0732128	0.030930463	0.050357196	0.070700616	0.01732078	-0.11816799	-0.10749161	-0.05954509	-0.09526682	0.04673402	0.03852371
-0.27554178	0.32264924	-0.23361269	-0.35859263	0.28719524	0.27823865	-0.2848738	-0.2882234	-0.31581324	-0.2912233	0.36120987	0.32657474	0.32345524	0.35842764	-0.24822007	-0.36002082
0.0018752017	-0.07282835	-0.04756979	0.030402936	-0.09428805	-0.006725226	0.008462641	0.04104634	-0.01664159	-0.035206556	-0.031560764	0.025655003	-0.028328951	-0.012005936	0.030059313	0.03146893
0.030247796	-0.10133597	0.042799313	0.118933775	-0.073476166	-0.07648401	0.065235354	0.025245693	0.036758274	0.06884069	-0.111668594	-0.094955325	-0.10293966	-0.07651004	0.059216924	0.043308727
-0.30003744	0.36550257	-0.26950708	-0.2896985	0.3527525	0.2654882	-0.32516855	-0.29657048	-0.35176292	-0.2769596	0.32534024	0.3036802	0.29279408	0.36169395	-0.31753793	-0.33754385
0.16111012	-0.21978983	0.20911404	0.16525191	-0.095697254	-0.058441605	0.15600835	0.15253682	0.15920095	0.1889885	-0.23992644	-0.1469216	-0.13683084	-0.11580975	0.2730016	0.004670266
-0.55874443	0.56070584	-0.53503394	-0.6379734	0.632935	0.553715	-0.630587	-0.6222389	-0.6498833	-0.62607116	0.59318614	0.5760293	0.6248821	0.58697736	-0.48494774	-0.6098328
0.022155007	-0.02710717	0.080607235	0.014115725	0.05897986	0.039773446	-0.033008073	-0.038572203	0.021048127	-0.022315629	-0.060637288	-0.0079232	-0.019305445	0.04419903	0.089290135	-0.04426633
-0.1531464	0.16453369	-0.06900201	-0.15396108	0.19441533	0.16964777	-0.19264904	-0.15973812	-0.17663494	-0.17941254	0.16075607	0.20266525	0.14352489	0.13650472	-0.0783694	-0.17382471
-0.33784658	0.3386279	-0.25965974	-0.30829608	0.31749803	0.24941388	-0.27893534	-0.31925884	-0.35205474	-0.35902166	0.33798122	0.32465184	0.3378072	0.32101876	-0.24049917	-0.3349087
0.28694355	-0.2927722	0.29613996	0.26055846	-0.25037888	-0.28244135	0.27187583	0.28116167	0.26433438	0.26303655	-0.271009	-0.29363906	-0.30348912	-0.3197967	0.276919	0.21994981
0.1254104	-0.1309378	0.17407502	0.105106495	-0.06508673	-0.12366334	0.12633279	0.082458675	0.11356422	0.15456818	-0.13498008	-0.08599514	-0.11736316	-0.15215525	0.114443086	0.09997995
-0.09220671	0.027731117	-0.06971915	-0.036624163	0.09416494	0.004223549	-0.031385783	-0.086484805	-0.007669449	-0.07531085	0.013962608	0.006297215	0.01090641	0.085248545	-0.07881097	0.027409848
-0.13254544	0.1412747	-0.12595513	-0.15601516	0.18458934	0.20756073	-0.20953362	-0.16283432	-0.12471218	-0.12998673	0.15697041	0.12645662	0.18286298	0.14914274	-0.12362125	-0.16861872
0.52508205	-0.5559105	0.48235133	0.5780081	-0.49556378	-0.52406955	0.55650795	0.47141042	0.49898246	0.5383951	-0.51600885	-0.46997893	-0.52416956	-0.50302833	0.4960143	0.4609075
-0.59041744	0.61493	-0.50571346	-0.5421384	0.53619134	0.46537206	-0.49489233	-0.5009996	-0.56464624	-0.5031766	0.59363675	0.56432056	0.5117688	0.5226584	-0.45232046	-0.52113676
0.06265471	-0.06408119	0.10989091	0.047472946	-0.05796787	-0.014066802	0.03596168	0.088070035	0.10158928	0.11498516	-0.058004647	-0.034675483	-0.09146539	-0.052952364	0.054200757	0.002094997
0.31249908	-0.21332817	0.31972504	0.1937115	-0.14756384	-0.13037519	0.23786533	0.21130599	0.25771338	0.27404508	-0.22657043	-0.2561964	-0.21875854	-0.18678229	0.27385664	0.0949727
-0.0770237	0.09938649	-0.012570416	-0.021800099	0.020623222	0.033005092	-0.053125795	-0.06850312	-0.09814804	-0.0450792	0.11873745	0.05010121	0.023204526	0.021728342	-0.035989784	-0.08704675
0.24620382	-0.20994775	0.27693647	0.17727417	-0.13709627	-0.057989288	0.15230842	0.20226412	0.21149714	0.20490575	-0.19225223	-0.18293793	-0.21479583	-0.1709036	0.25323278	0.06094796
0.56992096	-0.57982296	0.5233949	0.5634739	-0.53693205	-0.52351224	0.57651514	0.5115262	0.5627395	0.5323104	-0.56823117	-0.5628795	-0.5741277	-0.5286147	0.494215	0.47696486
-0.14698742	0.19110052	-0.16253634	-0.14321576	0.08887689	0.09950161	-0.1639527	-0.14512846	-0.17750856	-0.14815031	0.1532223	0.17296642	0.10672719	0.1691954	-0.14176197	-0.10498844
0.4988069	-0.46745965	0.4840833	0.46361116	-0.43591318	-0.38052908	0.5023732	0.41079468	0.5270515	0.48471722	-0.49821046	-0.41841102	-0.4473768	-0.48607573	0.5179666	0.33797562
0.21698861	-0.17543578	0.14005391	0.14580752	-0.116286606	-0.07986887	0.16925941	0.18997289	0.11425366	0.12917171	-0.11282722	-0.105797805	-0.15734152	-0.15887508	0.18574373	0.08274494
-0.09362428	0.14588404	-0.14708136	-0.14510976	0.120124765	0.1406815	-0.13386402	-0.18694353	-0.15726173	-0.12750643	0.17866665	0.15876214	0.14234716	0.1352094	-0.12588584	-0.12626328
-0.13507237	0.22859022	-0.12910528	-0.16156405	0.17051944	0.20910381	-0.13341554	-0.15611999	-0.23548931	-0.18182185	0.19573489	0.15793836	0.14517297	0.17976181	-0.14938349	-0.18938977
0.19591491	-0.19648333	0.19540079	0.21928608	-0.21981008	-0.16805631	0.26388487	0.25925454	0.28328627	0.19392142	-0.19945571	-0.24735817	-0.20040838	-0.19290976	0.23038706	0.20455907
-0.21618302	0.20198688	-0.124035105	-0.2544993	0.2488079	0.27666545	-0.25289977	-0.19917503	-0.23306388	-0.16829517	0.23125893	0.17176308	0.23785557	0.22800449	-0.18564494	-0.20309733
-0.19343907	0.23938136	-0.239887	-0.2170859	0.3072078	0.28272274	-0.2777965	-0.24777856	-0.20474587	-0.21694392	0.22874062	0.23000808	0.22668615	0.2282401	-0.18293925	-0.2052978
0.24270838	-0.18571045	0.14605463	0.1935622	-0.19487767	-0.19536948	0.1955571	0.13750191	0.21805295	0.16586144	-0.16486749	-0.16692518	-0.16047813	-0.15150376	0.21397156	0.1048041
-0.08434252	0.093659304	-0.02183908	-0.0817288	0.11487538	0.10390492	-0.07363076	-0.094980285	-0.114100985	-0.05381881	0.095193565	0.13313177	0.10557137	0.045736324	-0.046254467	-0.07154993
-0.03877675	0.0931111	-0.035593484	-0.08366834	0.14463443	0.1342396	-0.03917773	-0.10819541	-0.06462001	-0.10386574	0.12792628	0.1299064	0.03795792	0.06485435	-0.047478195	-0.093458
0.19354166	-0.20979492	0.28424725	0.20225368	-0.14242733	-0.16831504	0.16306901	0.22984885	0.19171181	0.24394159	-0.19313379	-0.18793185	-0.23672505	-0.21221635	0.22819917	0.09693648
0.29137102	-0.3159404	0.34307927	0.380867	-0.39815575	-0.35991323	0.36544177	0.30218896	0.39100492	0.3442768	-0.3798232	-0.2813967	-0.36275178	-0.36300564	0.3282726	0.29894337
-0.4202529	0.37299773	-0.3227094	-0.4558236	0.40708613	0.34985057	-0.3837099	-0.39029527	-0.38480473	-0.3756754	0.38228953	0.37870625	0.39534223	0.42497268	-0.32710248	-0.4011583
0.8900392	-0.8833967	0.8415465	0.95008403	-0.86663824	-0.83189255	0.8932428	0.8364956	0.85765845	0.87112933	-0.8807048	-0.88981724	-0.86106414	-0.8299327	0.79545194	0.7516476
0.1439877	-0.18643814	0.14580995	0.12141133	-0.12150125	-0.10157641	0.13515523	0.16332653	0.18649116	0.14272083	-0.18829997	-0.19426142	-0.22254777	-0.112336025	0.1871266	0.097165994
0.4523284	-0.43151382	0.3916078	0.4519737	-0.43359658	-0.3937364	0.3723209	0.35368544	0.44261798	0.4343456	-0.483566	-0.39447764	-0.42758048	-0.4112052	0.43781462	0.263813
-0.76492923	0.8694241	-0.678005	-0.91728914	0.79577875	0.7544218	-0.8577858	-0.7652692	-0.85681677	-0.8087606	0.8024641	0.80912596	0.8211255	0.821539	-0.664823	-0.7627056
0.06446111	-0.07261724	0.068121	0.12704642	-0.07810181	-0.060396634	0.07512441	0.08024452	0.11058698	0.109219775	-0.13155839	-0.12323009	-0.15421365	-0.10997182	0.1477797	0.11589467
0.2807137	-0.23815005	0.18154234	0.21285613	-0.21548274	-0.2292187	0.24720727	0.18597934	0.21875149	0.27589798	-0.21376675	-0.2248493	-0.20689526	-0.2256163	0.2027703	0.20422575
0.51103705	-0.49891058	0.48147288	0.5212532	-0.533534	-0.48251936	0.5680333	0.50751907	0.52427286	0.50739133	-0.54268456	-0.5464177	-0.5820632	-0.48557934	0.48673466	0.34616566
-0.1910796	0.26590243	-0.1910516	-0.3233728	0.33213362	0.27293816	-0.24683398	-0.20398104	-0.26616398	-0.26808053	0.20551094	0.28198805	0.25290367	0.31060493	-0.17697704	-0.29703143
-0.070628695	0.082806274	-0.032722507	-0.06878951	0.09744542	0.13596916	-0.12897962	-0.03776892	-0.10512437	-0.062421855	0.033972863	0.0396279	0.0325878	0.12638581	0.005922772	-0.1369788
0.379647	-0.37926158	0.3199228	0.3640725	-0.37840956	-0.31981736	0.40696117	0.3847659	0.34966877	0.3833656	-0.3193774	-0.34669322	-0.3617222	-0.39208034	0.32886243	0.3103342
-0.22122125	0.23993652	-0.15663292	-0.25031158	0.2492534	0.23233132	-0.20124741	-0.22159103	-0.2000191	-0.21397205	0.2401433	0.16400589	0.19524479	0.2077367	-0.13838847	-0.14917347
-0.07184801	0.09467999	-0.06509359	-0.13254969	0.106062986	0.11433387	-0.12686928	-0.0735126	-0.14493558	-0.099558644	0.119072184	0.10930134	0.11074124	0.15480411	-0.08830411	-0.11610387
0.37488842	-0.39979237	0.39282885	0.42499653	-0.39042673	-0.3539906	0.4420634	0.38261166	0.43300202	0.4170806	-0.4371925	-0.36860204	-0.43086508	-0.346691	0.38381964	0.3574432
0.28122076	-0.3340597	0.29880095	0.28810427	-0.31346437	-0.20689122	0.31102964	0.31229702	0.28112194	0.32706895	-0.33431244	-0.29741144	-0.3070521	-0.24964313	0.2707657	0.23780517
-0.18639691	0.20338926	-0.13837644	-0.18652727	0.16877404	0.17355527	-0.1537477	-0.22303845	-0.17335862	-0.14467913	0.15509284	0.1996244	0.14078766	0.24680722	-0.11789761	-0.21416147
-0.32222694	0.2705593	-0.20599875	-0.2978819	0.3401045	0.2548873	-0.32206476	-0.25013763	-0.3269885	-0.32430097	0.30894446	0.235695	0.21732213	0.33237842	-0.2008722	-0.28323016
0.022229189	0.04927647	0.08463333	0.027325641	0.033517834	0.058057614	0.014868998	-0.02191959	0.02972428	-0.024881773	-0.05106809	0.0077630538	-0.055369604	0.057168823	0.06058756	-0.0923059
0.29120973	-0.35307497	0.33224443	0.34929407	-0.3760983	-0.33085617	0.28850743	0.30727312	0.31174543	0.32438612	-0.326021	-0.32889277	-0.31467822	-0.29634368	0.31115142	0.23157306
0.23368388	-0.22082104	0.22637525	0.20899132	-0.2121212	-0.18908702	0.19809447	0.18567444	0.17889851	0.22709374	-0.1492392	-0.20912862	-0.14443052	-0.20430392	0.23968129	0.13769583
0.41232276	-0.38409588	0.42248997	0.37120193	-0.42409536	-0.34899956	0.3606758	0.3577588	0.37882793	0.41577035	-0.36834976	-0.34822348	-0.34860745	-0.41077018	0.4291058	0.3071412
0.3951765	-0.3944134	0.3230281	0.37836328	-0.36440018	-0.3558345	0.34135294	0.33751172	0.40606952	0.37032804	-0.3445377	-0.35114402	-0.38578522	-0.3477089	0.30605525	0.29066628
-0.27739915	0.38250345	-0.24163163	-0.33201692	0.34385753	0.344834	-0.3679625	-0.30243203	-0.35221556	-0.36541432	0.37899932	0.29380855	0.34715575	0.3682294	-0.25030276	-0.2939156
-0.21135569	0.20942406	-0.19461489	-0.17037064	0.22451189	0.21634923	-0.21636437	-0.14242274	-0.15481819	-0.2302648	0.22938254	0.16598222	0.16599905	0.22736903	-0.12882729	-0.19465286
-0.33122346	0.36331442	-0.26150572	-0.3532863	0.32792646	0.27779704	-0.28091908	-0.30381408	-0.30925903	-0.30390328	0.37036076	0.31096715	0.35193524	0.31122887	-0.30425283	-0.32024065
-0.26829463	0.31837595	-0.28874496	-0.30373856	0.29285535	0.33189428	-0.33590192	-0.26828977	-0.3511069	-0.27806067	0.29182	0.30297184	0.31558484	0.33844015	-0.25478527	-0.26192573
0.010035005	-0.020371413	0.0150875375	-0.05750767	-0.0025805908	0.042806488	-0.020577705	-0.018613676	-0.025115415	0.060126238	0.027387768	-0.0013473944	0.010284591	0.062433537	0.03899445	-0.09096399
-0.06359141	0.06927009	-0.06585925	-0.07461852	0.13825884	0.08535288	-0.11102207	-0.109006554	-0.11199288	-0.06849074	0.05889698	0.041042827	0.1209631	0.12284991	-0.08167369	-0.08397604
0.063385285	-0.06422984	0.018320778	0.075155586	-0.076129146	-0.17128776	0.13960543	0.08976658	0.08771469	0.05765203	-0.12924965	-0.11461441	-0.095686235	-0.08165545	0.06238442	0.1722173
-0.039380748	0.08938472	-0.06310804	-0.10813666	0.10491302	0.029097294	-0.09266165	-0.07380978	-0.023772784	-0.026561305	0.03097394	0.07686729	0.04370769	0.0787619	-0.09941174	-0.094806924
-0.78075504	0.88144106	-0.76755023	-0.9177199	0.8692425	0.7705505	-0.7796061	-0.782014	-0.82137126	-0.80901754	0.806787	0.7854981	0.7741983	0.8400716	-0.72673994	-0.69593036
-0.24567634	0.24310143	-0.1853173	-0.16697371	0.19732724	0.240344	-0.24061103	-0.16178206	-0.20538303	-0.16120903	0.16669375	0.20667712	0.21392514	0.1946224	-0.12758937	-0.23357859
0.06750719	-0.11919226	0.14110936	0.105699696	-0.0070436182	0.015398975	0.066241995	0.019498378	0.083129145	0.12996261	-0.1299651	-0.059174642	-0.05668314	-0.06671047	0.08302479	0.045683492
0.6604083	-0.7071561	0.63888794	0.71598774	-0.7095304	-0.53160125	0.6995834	0.620521	0.6719796	0.6756654	-0.719651	-0.6731694	-0.674155	-0.6861249	0.6355807	0.48136175
-0.153507	0.07926748	-0.10951054	-0.112694174	0.08837287	0.15213396	-0.086890794	-0.05927164	-0.11026863	-0.12536648	0.15927568	0.1269697	0.071388744	0.07580617	-0.0700053	-0.08942362
0.19878761	-0.18280466	0.26436555	0.20725429	-0.22025336	-0.1553404	0.20407762	0.21492027	0.2374278	0.25209737	-0.19998805	-0.25340137	-0.17428571	-0.25260824	0.19502454	0.15844959
-0.12961845	0.1255099	-0.07703518	-0.1623102	0.12669702	0.16921589	-0.16965538	-0.17867565	-0.15375169	-0.14187604	0.18744001	0.13456012	0.17497486	0.14893262	-0.1426593	-0.13217098
0.48356956	-0.55127436	0.4824058	0.53621227	-0.43161204	-0.4605189	0.48360646	0.4708842	0.47424307	0.48794198	-0.50860125	-0.45153373	-0.49147895	-0.47347036	0.47433886	0.4186387
0.0056474973	-0.01810067	0.009042786	0.038869034	0.026084786	-0.019019557	-0.021759257	-0.033238545	0.007373756	-0.026362985	0.013050339	0.016344046	-0.04803689	0.0014864132	0.04122435	-0.00823118
0.40946412	-0.35585198	0.33392543	0.38595408	-0.3113511	-0.254299	0.3642948	0.27345267	0.29961064	0.39225185	-0.33714226	-0.35994533	-0.299195	-0.28892937	0.34077227	0.22197887
-0.41463307	0.41563678	-0.34203926	-0.4983293	0.4562823	0.4101437	-0.4286526	-0.37381613	-0.431633	-0.40642464	0.4209051	0.38250753	0.44098517	0.41770124	-0.38286757	-0.40105888
0.006250725	-0.014829864	0.03708529	0.03688489	0.020408075	-0.015097197	-0.034310132	0.0038288634	0.0015368053	-0.030741762	-0.021757524	-0.037688244	-0.008653868	0.036916092	0.03602933	-0.051295698
-0.47028884	0.41246367	-0.3930271	-0.4450416	0.514115	0.42601165	-0.41667244	-0.43539912	-0.44846067	-0.417654	0.46640143	0.4726413	0.39755318	0.45078385	-0.3629579	-0.38211697
-0.049077727	0.11565243	-0.051046662	-0.15257369	0.16471729	0.11977284	-0.10307051	-0.113553144	-0.08473816	-0.114356525	0.08855737	0.078277074	0.057049405	0.118885756	-0.030682262	-0.13379267
-0.44262075	0.38996577	-0.32369655	-0.46585143	0.40594673	0.42002863	-0.40489927	-0.39508346	-0.40419123	-0.44321865	0.39693093	0.38382345	0.4394814	0.3974692	-0.3932366	-0.43137905
-0.3471242	0.4130878	-0.3532549	-0.43799406	0.41474816	0.38722837	-0.38191184	-0.3830519	-0.35678738	-0.37459502	0.42779583	0.38856074	0.36660445	0.3712715	-0.29772153	-0.33945468
-0.09098634	0.10972613	-0.121105716	-0.12587106	0.16944432	0.07945563	-0.13107625	-0.121969864	-0.1600147	-0.08300547	0.10563472	0.14793463	0.14678098	0.0981884	-0.19363156	-0.105179995
-0.5171499	0.5375007	-0.41025847	-0.5435072	0.5609004	0.47612685	-0.47318935	-0.52123666	-0.5193457	-0.5231475	0.5294736	0.5008932	0.47377655	0.519589	-0.41676578	-0.4526109
0.3622644	-0.35876298	0.39742288	0.3690952	-0.36974898	-0.38184145	0.36814347	0.4047197	0.3691502	0.36404565	-0.39551938	-0.39930105	-0.34100682	-0.4140129	0.33102554	0.3758846
0.39561036	-0.344339	0.41026267	0.37281767	-0.32220912	-0.2909341	0.34654787	0.37444404	0.32565495	0.4129126	-0.4223288	-0.38080814	-0.39855656	-0.3350895	0.35192698	0.23613437
0.21045977	-0.20880307	0.2667186	0.2357131	-0.27149418	-0.23532096	0.2761826	0.22741634	0.27495822	0.21783796	-0.24941628	-0.24090031	-0.25592944	-0.20453817	0.24528751	0.14974225
0.28399676	-0.24587828	0.2974693	0.26044616	-0.27891406	-0.23988762	0.27910793	0.29434925	0.30075943	0.2971186	-0.3236704	-0.28957805	-0.23941103	-0.27775463	0.29869854	0.18786111
-0.030300537	0.07667106	-0.07376985	-0.066434115	0.066913396	0.11583689	-0.11085952	-0.028681878	-0.08147524	-0.09833701	0.09208155	0.04820329	0.04232241	0.0921016	-0.0746915	-0.056868885
0.4274469	-0.38651875	0.30548322	0.42434478	-0.45872986	-0.42315885	0.4284214	0.37249073	0.40089422	0.37303504	-0.34982097	-0.42670962	-0.333227	-0.45237258	0.2642081	0.4994115
0.1614463	-0.15216637	0.19744359	0.12107902	-0.18581386	-0.16973755	0.16403481	0.118391536	0.20029017	0.11913007	-0.15702815	-0.098246485	-0.1643607	-0.17093283	0.1607079	0.08118705
-0.105268955	0.058411725	-0.07873034	-0.08030564	0.12323842	0.12935321	-0.10966519	-0.09628241	-0.09308914	-0.1250008	0.12630558	0.115538225	0.09989331	0.07167988	-0.03747526	-0.062934764
-0.28369015	0.24687973	-0.24990188	-0.32026526	0.2888535	0.30457538	-0.23251715	-0.2855325	-0.30604315	-0.30897132	0.26974759	0.29107592	0.2413835	0.2619956	-0.18197969	-0.3387914
0.04831365	0.057745803	0.090456404	-0.050940152	0.034866553	0.12493037	-0.0736157	0.022801062	-0.032580238	-0.02866456	-0.02866304	0.047574043	0.02477088	0.085787684	0.11471214	-0.11430591
-0.7602465	0.7657836	-0.6755555	-0.8054279	0.8035428	0.69249344	-0.7688942	-0.70706946	-0.75288093	-0.7850689	0.7528643	0.72407454	0.79271346	0.7708771	-0.7340454	-0.7031495
-0.37628922	0.38214904	-0.39726892	-0.4352387	0.45406863	0.3787817	-0.38689232	-0.36342207	-0.3845139	-0.43043873	0.37584955	0.36552572	0.42412904	0.41740426	-0.40386254	-0.400083
0.15936784	-0.15021001	0.1352756	0.10511437	-0.12590556	-0.16826278	0.13828671	0.16864702	0.15826803	0.11256839	-0.108555876	-0.07953455	-0.12977853	-0.17181423	0.07739493	0.1367697
0.264004	-0.31720906	0.27619976	0.28692013	-0.30411795	-0.3035271	0.3075005	0.267662	0.3072457	0.30629456	-0.26631433	-0.2610836	-0.24601796	-0.28772694	0.25925747	0.23801872
-0.025103237	0.05033941	-0.020429106	-0.12565066	0.056322582	0.07717409	-0.11753019	-0.031671263	-0.06321692	-0.050740257	0.037417553	0.12203265	0.08408942	0.089928314	-0.010961737	-0.15974641
0.09514982	-0.0980402	0.12410068	0.07035039	-0.045380305	-0.08595944	0.04444429	0.008513306	0.031988617	0.10956813	-0.03442927	-0.0139163835	-0.03677093	-0.07710099	0.114385925	0.059935387
0.31015748	-0.2811939	0.29084823	0.27531385	-0.23950832	-0.28753486	0.26190364	0.32809803	0.25489354	0.36003095	-0.30256677	-0.28916433	-0.31840566	-0.27932882	0.29529	0.15955429
0.28152084	-0.326412	0.30601206	0.34143963	-0.25468478	-0.27286914	0.275546	0.27118203	0.29893005	0.26066396	-0.2893349	-0.3016512	-0.32654724	-0.2606171	0.3325567	0.24289535
-0.45833677	0.3884087	-0.35283053	-0.4914284	0.40454108	0.46898758	-0.42024896	-0.4195361	-0.39471012	-0.4168144	0.38777286	0.46414745	0.39099944	0.43912736	-0.35812828	-0.43503785
-0.0857523	0.14191161	-0.12403941	-0.09481979	0.14705038	0.135293	-0.1534975	-0.1438852	-0.16102752	-0.074945405	0.14963712	0.16010211	0.11820414	0.122478455	-0.10263187	-0.1060099
0.23404613	-0.30077106	0.18893334	0.2946931	-0.30956927	-0.28818712	0.24486545	0.27481976	0.21943714	0.23016904	-0.24218063	-0.26413295	-0.2665049	-0.24765198	0.13361834	0.29554334
-0.0021301692	-0.0077728704	0.021464847	0.026730686	0.005764134	-0.060310066	0.07305867	-0.0007783711	0.07976258	0.033446565	-0.029143441	-0.046402946	-0.014112392	-0.07730148	0.08386325	0.007010489
0.18496832	-0.22151884	0.23468752	0.1769052	-0.16043212	-0.090602085	0.19820184	0.13485947	0.20077083	0.21314271	-0.16986506	-0.18426532	-0.23043421	-0.16077654	0.16394404	0.14939912
0.1805912	-0.19990337	0.19429684	0.21710928	-0.181505	-0.1635642	0.24498025	0.21485823	0.275574	0.19218095	-0.24472171	-0.17404146	-0.22626112	-0.2114161	0.19537772	0.22931029
0.16415758	-0.10863638	0.14964469	0.109094046	-0.070115834	-0.0866653	0.10653997	0.14427033	0.16683112	0.15009642	-0.17266083	-0.11728459	-0.17087243	-0.0930718	0.09613659	0.11836079
0.29261553	-0.23885807	0.25471783	0.2540098	-0.17719872	-0.19684702	0.20485693	0.2357757	0.27266562	0.21784644	-0.2843536	-0.18350968	-0.21743049	-0.25604483	0.23743069	0.101690345
-0.16888382	0.17779984	-0.042809498	-0.18457378	0.16790155	0.20230615	-0.1485422	-0.110247016	-0.15077165	-0.16891396	0.12741077	0.10920737	0.15573421	0.108627655	-0.048680972	-0.11257779
0.16300921	-0.14514115	0.1297688	0.16398051	-0.17131276	-0.15822881	0.14902438	0.14990278	0.19367209	0.22483657	-0.21205524	-0.22748153	-0.14323977	-0.22915193	0.15497959	0.18223543
0.19208759	-0.24664822	0.16908307	0.2807129	-0.267847	-0.21699972	0.20070969	0.19913206	0.2745221	0.18877783	-0.27298728	-0.23927607	-0.20719126	-0.2025531	0.22617637	0.18454103
-0.2043256	0.19039573	-0.20933145	-0.2608083	0.2515672	0.1938622	-0.18008867	-0.24860886	-0.24290201	-0.15855722	0.16152899	0.19215836	0.18139403	0.20331568	-0.13522558	-0.24724516
0.52156943	-0.5616229	0.5602424	0.55927044	-0.53761685	-0.44256255	0.512436	0.46648103	0.4817814	0.5757764	-0.4882393	-0.49742535	-0.48346975	-0.49461636	0.5453497	0.48451555
-0.15909152	0.13586047	-0.084864184	-0.16103962	0.20450957	0.14498827	-0.16846012	-0.16289204	-0.1175365	-0.19013391	0.14380275	0.16669275	0.16506958	0.1879985	-0.15234171	-0.17954396
0.23237891	-0.20979358	0.16886522	0.12932603	-0.13926855	-0.1456048	0.14301656	0.15483229	0.21590224	0.17640585	-0.13693151	-0.16492577	-0.21033405	-0.113271	0.1732296	0.1192759
0.6715579	-0.6550566	0.62786996	0.7052363	-0.72938365	-0.6666265	0.62477255	0.6083996	0.72036374	0.63233685	-0.673474	-0.6339786	-0.6104714	-0.68296814	0.64508784	0.5576567
-0.18301393	0.18382153	-0.14340182	-0.14326894	0.1931342	0.13977882	-0.16364865	-0.11973934	-0.18687841	-0.15786965	0.1627495	0.13719808	0.18697856	0.21496025	-0.15812632	-0.1822222
-0.36898336	0.4410047	-0.39805815	-0.43066418	0.46967548	0.4165573	-0.40619928	-0.3418693	-0.3679689	-0.4207653	0.45465368	0.43913287	0.4043953	0.39284953	-0.3902719	-0.37777695
0.18062656	-0.18193671	0.218502	0.27800605	-0.18470001	-0.20027436	0.18402652	0.23678644	0.26953495	0.26958242	-0.19493228	-0.20094982	-0.24973074	-0.18072875	0.25631836	0.21437673
-0.08501223	0.13099724	-0.10900055	-0.18643203	0.19389163	0.12401843	-0.120025545	-0.113193035	-0.11333298	-0.14001992	0.12295067	0.18309312	0.15634194	0.15032363	-0.10353189	-0.14439614
0.5122828	-0.48936403	0.46809915	0.5173724	-0.5120168	-0.42517614	0.47330368	0.4127096	0.5098958	0.4386741	-0.5016768	-0.4148219	-0.4995606	-0.52091986	0.42507645	0.41765377
0.20115015	-0.19401965	0.21613076	0.2258048	-0.1638263	-0.10400604	0.2148963	0.15228663	0.18741469	0.14511424	-0.22807118	-0.22266915	-0.23159659	-0.1637855	0.17376488	0.09090388
0.2791208	-0.2967992	0.25743145	0.2570907	-0.25688505	-0.25042894	0.21076147	0.2314187	0.29152712	0.26261586	-0.25567645	-0.29211828	-0.22008051	-0.26184142	0.2834419	0.19821003
0.4087178	-0.38603023	0.33056885	0.46132722	-0.3905687	-0.34308895	0.36084387	0.38189512	0.44455954	0.44548988	-0.37513393	-0.38337693	-0.37467715	-0.37954196	0.38924938	0.29728162
0.16255182	-0.17925544	0.19003601	0.11500093	-0.100418516	-0.056651358	0.092377044	0.1577165	0.12425633	0.13620487	-0.106338315	-0.15862948	-0.13857207	-0.13931452	0.19776285	0.12103068
-0.17794363	0.21058014	-0.16192475	-0.23124456	0.20693351	0.21019559	-0.13231102	-0.18002087	-0.21436806	-0.20483835	0.14787479	0.16530009	0.1281904	0.20695569	-0.16295475	-0.18404669
0.36165896	-0.3193743	0.321082	0.3245534	-0.28147575	-0.2303706	0.35907066	0.34734473	0.33023515	0.36247644	-0.3708609	-0.33733785	-0.2812506	-0.30521044	0.28518206	0.254934
-0.6498166	0.6857868	-0.5817896	-0.68860424	0.69627285	0.6732308	-0.69114584	-0.6634159	-0.6487028	-0.69399685	0.6956598	0.70018935	0.61052483	0.7152168	-0.6025302	-0.61348855
-0.0115513895	0.012483684	0.057317015	-0.06652298	0.089900486	0.11692527	-0.03213348	0.0029424287	-0.04724797	-0.051706966	0.002997323	0.004888192	-0.01339319	0.08945948	0.050097354	-0.124399304
-0.121173486	0.16738558	-0.12198937	-0.19231024	0.17935257	0.19830257	-0.13931756	-0.11993501	-0.1389808	-0.19150843	0.16008426	0.1671686	0.20844693	0.22031525	-0.11911749	-0.17957202
0.41773033	-0.4528665	0.38669202	0.4597414	-0.36016068	-0.36153966	0.36430466	0.35144746	0.4177802	0.45727843	-0.40643457	-0.4307474	-0.4192399	-0.45797917	0.40408406	0.30421984
0.38549766	-0.4206423	0.35447562	0.39462593	-0.33296856	-0.33272383	0.38431016	0.31224206	0.36002403	0.37137914	-0.41409147	-0.32066134	-0.34620997	-0.34279498	0.42523053	0.26131642
0.55879366	-0.6291372	0.53912824	0.609977	-0.6432324	-0.5125116	0.5986865	0.6083828	0.5947742	0.6165856	-0.64221984	-0.55321276	-0.5660192	-0.60306436	0.5659173	0.5721674
0.18674548	-0.23598889	0.2076832	0.18872479	-0.19263898	-0.20651521	0.22461936	0.16551767	0.18719065	0.20600338	-0.19414315	-0.22872922	-0.2124711	-0.17227001	0.23889668	0.15581825
-0.107270636	0.0756156	-0.097379	-0.14911082	0.06811315	0.08893603	-0.13310984	-0.114907	-0.06576708	-0.060152926	0.100684956	0.091467984	0.10413376	0.06716939	-0.05069693	-0.08457926
0.23852311	-0.24753538	0.24189913	0.20341	-0.22320452	-0.14996433	0.18007848	0.17970271	0.236444	0.25209677	-0.2813123	-0.21594149	-0.27327046	-0.23034228	0.32559133	0.13020813
-0.015941642	-0.016743388	0.019421723	-0.0038779378	-0.01242486	-0.02149669	-0.014225249	-0.048777174	-0.01161109	0.0408161	-0.038432535	-0.02368411	0.00788403	-0.021466991	0.002927527	-0.03018801
-0.090105265	0.082655355	-0.14797261	-0.061904777	0.07614308	0.053726714	-0.11581797	-0.07676851	-0.12574543	-0.08274088	0.07372786	0.10093626	0.10776401	0.09571783	-0.16929542	-0.02069763
-0.19678108	0.21808268	-0.1713424	-0.26263222	0.27966207	0.25102153	-0.23948057	-0.20255293	-0.22991903	-0.25317487	0.20188062	0.26217327	0.22239318	0.23366456	-0.15995261	-0.2578755
-0.39136	0.396597	-0.3610265	-0.49080122	0.3972492	0.4281318	-0.41470653	-0.39771295	-0.45249796	-0.45423847	0.41771364	0.45115936	0.3818709	0.39366484	-0.36234224	-0.37143603
0.037892755	-0.0406219	0.059423964	0.0868149	-0.11891249	-0.12912762	0.06620762	0.08187879	0.07756293	0.04609148	-0.06764075	-0.044912152	-0.02905376	-0.08692873	0.09872686	0.10337993
-0.10711209	0.1879704	-0.10426184	-0.18444408	0.20051003	0.12432066	-0.10443941	-0.09451135	-0.17077516	-0.11785625	0.121167734	0.18014015	0.17050566	0.18671778	-0.08924112	-0.17370716
0.26249427	-0.24696481	0.19624637	0.1782015	-0.22625105	-0.22724018	0.2469901	0.18678601	0.24111548	0.2288421	-0.20178932	-0.17724815	-0.17493658	-0.20229302	0.20224635	0.15122053
-0.13512993	0.1330729	-0.079293035	-0.19996026	0.16261654	0.23462702	-0.18931825	-0.11857018	-0.2124762	-0.14068805	0.14795086	0.22062448	0.13124661	0.17355645	-0.0697294	-0.205059
-0.12030709	0.118134186	-0.085661955	-0.15590787	0.17158923	0.16161408	-0.16298631	-0.095209636	-0.08044597	-0.06290854	0.12592904	0.09355764	0.10378046	0.15189832	-0.08905863	-0.1889054
-0.37549496	0.3419265	-0.34719306	-0.3555144	0.29207888	0.26215643	-0.29346934	-0.36226472	-0.3850394	-0.40544215	0.30406025	0.3629935	0.29176986	0.3484626	-0.3617059	-0.20002677
-0.2849191	0.31005698	-0.25429058	-0.28844297	0.27846438	0.33354932	-0.29440013	-0.3231284	-0.31499287	-0.30408415	0.28933156	0.3261939	0.25645468	0.36098793	-0.26282835	-0.29046774
-0.13742846	0.16604994	-0.06557955	-0.13823125	0.16015337	0.14656806	-0.16374016	-0.18008654	-0.096773565	-0.17057402	0.13678046	0.15278773	0.091630936	0.21001351	-0.07776497	-0.20689817
0.4026286	-0.44880044	0.40009904	0.41045746	-0.37317652	-0.36661163	0.41279992	0.42936027	0.43609923	0.40903008	-0.40787008	-0.38666984	-0.42903823	-0.3630881	0.37495843	0.3193717
0.41597232	-0.34690312	0.32011548	0.37890938	-0.40399387	-0.28626704	0.34622148	0.39498	0.37431034	0.34221467	-0.33343562	-0.31487212	-0.40005973	-0.38333952	0.39406893	0.33382213
-0.037810057	0.03707632	0.0033556065	-0.11215279	0.04583328	0.064411685	-0.07836363	-0.016684705	-0.101895325	-0.0074407263	0.08713659	0.08134487	0.017766804	0.09821225	-0.06120709	-0.07327751
0.024609007	0.013096143	-0.028718034	-0.024543812	0.033402648	0.020825583	-0.026351178	-0.035084642	-0.06070538	-0.036134463	0.033586316	-0.0026390906	-0.018665342	0.06603616	-0.008372494	-0.0003121954
0.6673295	-0.62384915	0.5414776	0.6161686	-0.56868875	-0.51396024	0.5875341	0.54803544	0.65232426	0.6755601	-0.6695422	-0.54084915	-0.59250647	-0.63650024	0.5985025	0.5148023
0.09322228	-0.08459046	0.09172359	0.023644209	-0.06327135	-0.035300042	0.029415812	0.09379924	0.086996384	0.044211484	-0.02862379	-0.044022977	-0.06405552	-0.027260505	0.08298095	-0.021042533
-0.16937356	0.18038827	-0.13163903	-0.2663626	0.2534256	0.1614624	-0.21761304	-0.15615234	-0.1835847	-0.17175461	0.18130931	0.17959876	0.24963234	0.19522525	-0.14143036	-0.16884282
0.47007087	-0.54162306	0.49633765	0.577197	-0.49032494	-0.42233583	0.48930943	0.48956606	0.5525924	0.5116431	-0.49364865	-0.542679	-0.49470547	-0.46539494	0.44017276	0.397928
-0.30978426	0.34423572	-0.2940389	-0.3749442	0.36914647	0.36462182	-0.28148216	-0.25519186	-0.33017722	-0.35901853	0.26874256	0.25708917	0.33450142	0.28377306	-0.24807572	-0.3525508
-0.3256565	0.34415486	-0.29598558	-0.41593704	0.36835966	0.33505732	-0.38035277	-0.36231136	-0.40077245	-0.36258236	0.398663	0.29931954	0.36959264	0.3270866	-0.34813842	-0.3192735
0.10521808	-0.18146127	0.10889039	0.105660185	-0.11025944	-0.104326025	0.121333696	0.16275631	0.13931285	0.18819462	-0.120101236	-0.16216421	-0.17819706	-0.09136183	0.12489489	0.019439798
0.6785772	-0.6453331	0.5721031	0.66702765	-0.62374747	-0.60574263	0.6788318	0.60456103	0.67713404	0.6861345	-0.6860825	-0.6102012	-0.666378	-0.617514	0.5935212	0.5997522
0.3610586	-0.37274718	0.32978016	0.38688755	-0.33247125	-0.29729244	0.34936035	0.3158255	0.39168364	0.4219338	-0.41124213	-0.40258256	-0.34118026	-0.39332896	0.3883806	0.2767961
0.42864296	-0.41558936	0.3425909	0.3759084	-0.36786318	-0.36255342	0.36038798	0.35902733	0.42409024	0.4280795	-0.37120798	-0.3349155	-0.41342348	-0.39572933	0.37422305	0.279137
0.6738557	-0.63096267	0.578374	0.6586673	-0.638625	-0.53862315	0.58683276	0.58709204	0.6328479	0.6433235	-0.62052006	-0.5701567	-0.5649627	-0.6077284	0.6230673	0.53508914
0.24685678	-0.22017404	0.19974044	0.18546551	-0.18614113	-0.15940946	0.23587415	0.22809575	0.19892554	0.2585388	-0.26115274	-0.20523943	-0.22232273	-0.23537143	0.17039162	0.23247255
0.21909373	-0.24577135	0.21025193	0.24222773	-0.2331106	-0.16412088	0.18048972	0.16204005	0.22553056	0.22981815	-0.21652731	-0.17170924	-0.19143438	-0.22287825	0.23101805	0.19375774
0.50848067	-0.5584139	0.4827535	0.5963155	-0.49014765	-0.41846493	0.57104605	0.49795762	0.52236193	0.55251205	-0.5607248	-0.4999487	-0.4791624	-0.47918135	0.5628735	0.3256873
0.02436883	-0.013442967	0.0126872845	0.038871717	0.013748763	0.02037086	0.043679614	-0.050327215	0.004006176	-0.045583133	0.003265098	0.030101987	0.043530136	-0.021057095	-0.03998902	0.020225154
0.29608965	-0.3579377	0.31389812	0.33707282	-0.27487352	-0.2435236	0.26949322	0.29551587	0.2774986	0.37167174	-0.3356981	-0.25782433	-0.28469393	-0.33489215	0.29510632	0.28576756
0.18930086	-0.18227005	0.12427258	0.22225645	-0.19504814	-0.1949514	0.21554008	0.1804836	0.1688285	0.20837522	-0.21688177	-0.19707651	-0.15265799	-0.23562682	0.16906878	0.17100388
0.6241797	-0.6792408	0.6445845	0.66119486	-0.666435	-0.6267343	0.63226247	0.5783214	0.67672753	0.6873734	-0.6677637	-0.5716241	-0.6565579	-0.63015246	0.5815359	0.57260466
-0.21461338	0.18309265	-0.22320697	-0.2536642	0.26119885	0.20770115	-0.24538855	-0.21900956	-0.26193035	-0.22492182	0.21002258	0.20697512	0.19579487	0.252341	-0.20110454	-0.17186183
-0.07919907	0.076090164	0.01998142	-0.112953074	0.10927964	0.11814908	-0.026448078	-0.074310675	-0.08335312	-0.041922204	0.09771195	0.07273435	0.06334625	0.051947903	-0.014690267	-0.094815634
0.1105467	-0.1382254	0.11680065	0.10690611	-0.12331401	-0.1087995	0.09400034	0.1284533	0.13137683	0.14367518	-0.12789415	-0.08788207	-0.15739715	-0.099623844	0.15430023	0.13912751
-0.27260315	0.21127206	-0.18716352	-0.2929815	0.30757204	0.22625476	-0.24069881	-0.19010125	-0.24498233	-0.2794869	0.26196718	0.2861213	0.20206709	0.27417278	-0.25119025	-0.27828684
0.13742745	-0.09608744	0.1620563	0.13856524	-0.13966607	-0.07109979	0.13198842	0.121250674	0.15085308	0.17500357	-0.14235881	-0.15654235	-0.1119152	-0.05465396	0.11197935	0.0766369
-0.017800825	0.07789624	-0.031971794	-0.088895574	0.094453156	0.13579364	-0.09317376	-0.06697925	-0.04861079	-0.110074006	0.04687339	0.091627456	0.12204619	0.10149491	-0.089356065	-0.06674191
-0.20560552	0.25395668	-0.1703145	-0.21513188	0.22325316	0.23627475	-0.20586118	-0.25311026	-0.28433764	-0.23761915	0.24921338	0.1966817	0.19648062	0.24629807	-0.15128995	-0.22476152
0.064876705	-0.024911156	0.03698312	0.026089229	-0.078896694	-0.09320355	0.09822912	0.064662114	0.015554252	0.04558128	-0.03793787	-0.09186805	-0.06974761	-0.09262758	0.054901175	-0.0056887236
0.1266001	-0.10687496	0.19134694	0.10790071	-0.13070187	-0.13345487	0.10640363	0.16874287	0.12149704	0.18955214	-0.1574479	-0.11080343	-0.10688618	-0.1638266	0.18561335	0.043324698
0.5601215	-0.4970343	0.5241048	0.5443856	-0.44756484	-0.4046278	0.47498763	0.47370383	0.51374865	0.54099464	-0.573901	-0.51571274	-0.4898421	-0.4731274	0.4969489	0.38333464
0.037707813	-0.04100903	0.08097582	0.032410756	-0.06050062	-0.09314102	0.026711877	0.035645556	0.040124424	0.029753465	-0.12519917	-0.11343384	-0.08468399	-0.118517175	0.07596854	0.054340877
0.09390424	-0.019046476	0.11111603	0.0964964	-0.087540574	-0.064469665	0.029708909	0.021694627	0.048803147	0.09126511	-0.062215883	-0.076081805	-0.087641194	-0.052167796	0.05306789	0.048009373
-0.0024407976	0.00059022114	-0.034706194	-0.0517175	0.018198565	0.006164705	-0.00196295	-0.04349471	-0.03163273	-0.0002525107	-0.032183234	0.05672897	-0.033545207	0.03196231	0.011861968	-0.0073906775
0.11501764	-0.11529534	0.08965441	0.10999939	-0.08312307	-0.05821349	0.123600006	0.090555996	0.05254646	0.077400155	-0.14193481	-0.124115884	-0.05535072	-0.11844773	0.11506083	0.059330046
-0.17506284	0.2517367	-0.17598143	-0.23283249	0.20022938	0.25377417	-0.25921687	-0.2502134	-0.25375918	-0.24604152	0.210035	0.17369393	0.22853152	0.24294025	-0.21498197	-0.26274216
-0.09392117	0.042109087	-0.086925656	-0.08569508	0.031796563	0.09128984	-0.098864704	-0.017147264	-0.09181435	-0.019119913	0.012200021	0.07307808	0.008716323	0.045263164	-0.065611154	-0.061572567
-0.20987158	0.22612062	-0.11751275	-0.20312817	0.21235923	0.1543624	-0.22396432	-0.13442998	-0.20038374	-0.16345234	0.13381834	0.21919847	0.21622324	0.18317829	-0.111752205	-0.20602463
0.08634019	-0.0833924	0.10879149	0.090110414	-0.096272685	0.015522613	0.01300173	0.08406058	0.080229215	0.04842081	-0.08218068	-0.041916963	-0.090008035	-0.07852216	0.08192308	0.055217914
-0.036114976	-0.017833525	0.0021289922	0.030073294	0.0091190105	0.016348213	0.005064054	0.037216987	0.050662737	0.037304163	-0.021292979	-0.036113996	0.005255057	-0.014113817	0.05011582	-0.009127838
-0.42345595	0.47788677	-0.33138874	-0.4291904	0.4835879	0.3897558	-0.3913632	-0.40294132	-0.45052356	-0.39424726	0.4612596	0.45006597	0.40414536	0.4055366	-0.36952263	-0.40639025
0.30340204	-0.34815922	0.338204	0.3054886	-0.23213561	-0.20630302	0.2476249	0.25607014	0.30696246	0.34350282	-0.35136762	-0.32713458	-0.30299369	-0.33113933	0.33896357	0.15503918
-0.6885069	0.7126516	-0.57511944	-0.6452798	0.70663285	0.61133885	-0.6500996	-0.57362366	-0.68178695	-0.6760766	0.6884985	0.5891493	0.6914082	0.6241538	-0.6092569	-0.546672
-0.39786234	0.40490967	-0.36444956	-0.43074664	0.4421399	0.38924786	-0.41018677	-0.43984675	-0.45556238	-0.39844817	0.39007655	0.4162091	0.439962	0.39072305	-0.4013054	-0.38982856
0.16762273	-0.14074339	0.18604438	0.16756563	-0.15743604	-0.06667719	0.09889388	0.1333371	0.14730169	0.14829211	-0.16635144	-0.08216068	-0.14644818	-0.14397512	0.1285779	0.07321451
0.050704923	-0.041708253	0.118557975	0.02609793	-0.047229625	-0.08926582	0.06652333	0.035780907	0.06403072	0.09848912	-0.080823444	-0.035738427	-0.12488644	-0.039250672	0.12806606	0.006779861
0.45173502	-0.39750877	0.3659673	0.48681483	-0.43049908	-0.37835425	0.40595803	0.4268108	0.398469	0.36980048	-0.42952046	-0.36026943	-0.455519	-0.45927972	0.3481784	0.36801946
0.011831848	-0.0019895318	0.0044790884	0.03568334	0.041801255	0.032763485	0.0055446476	-0.0116833085	0.035912722	-0.007304924	0.0020112828	0.051346365	0.014492624	-0.02721443	0.034620263	-0.021504873
-0.08528428	0.038694784	0.0008587845	-0.07397849	0.064130984	0.04055598	-0.087298796	-0.10090775	-0.09742554	-0.019580567	0.052909337	0.025368202	0.017900756	0.037071418	-0.048658647	-0.08282461
0.66497344	-0.6843084	0.5334206	0.6692517	-0.663424	-0.5240398	0.6336706	0.6110279	0.63332045	0.61027795	-0.6418003	-0.6533196	-0.6344983	-0.5913762	0.5812357	0.5352586
0.39052635	-0.3595857	0.336963	0.4611053	-0.36788177	-0.35799095	0.3900936	0.33976167	0.38359708	0.43031994	-0.3640802	-0.4179358	-0.38914883	-0.36412132	0.37655556	0.38209483
0.5497769	-0.646688	0.5470284	0.6079309	-0.5578634	-0.4856068	0.6121892	0.54216814	0.5834438	0.6304769	-0.6385716	-0.5195236	-0.57865787	-0.60730284	0.5102019	0.4943942
0.35806674	-0.34812322	0.3185113	0.35463303	-0.3334713	-0.28917414	0.32468957	0.39477122	0.39588225	0.35423687	-0.39939797	-0.39907542	-0.4057682	-0.37470207	0.39028698	0.26889586
-0.22940357	0.21596527	-0.25425035	-0.2364841	0.31189296	0.2880466	-0.28837305	-0.21644434	-0.2407467	-0.26680174	0.21607023	0.22752172	0.22554311	0.2677441	-0.19355372	-0.20775118
-0.5841319	0.5967948	-0.50924057	-0.677894	0.61720854	0.5363947	-0.5669422	-0.5721375	-0.6412503	-0.6438867	0.5983016	0.5696545	0.57897943	0.62194055	-0.55302763	-0.58597094
0.3308707	-0.34192455	0.36081088	0.306952	-0.31738928	-0.25158337	0.32378674	0.3479021	0.3317512	0.28264135	-0.28477922	-0.3095192	-0.34872717	-0.2701875	0.33891627	0.2568493
0.58145106	-0.584884	0.5378818	0.62695724	-0.60260236	-0.49425086	0.5212034	0.5154641	0.6027586	0.56576514	-0.6104755	-0.5070917	-0.57399213	-0.5786325	0.49676698	0.45756552
-0.2491207	0.19055596	-0.20609623	-0.20870751	0.2513966	0.17525317	-0.2588909	-0.19286436	-0.2558208	-0.24384995	0.2837253	0.2158476	0.19628982	0.24992628	-0.2578387	-0.12046201
0.64438385	-0.7023502	0.62583524	0.6534407	-0.65844554	-0.64788914	0.7106705	0.63042873	0.71634513	0.67630076	-0.7016571	-0.6458637	-0.6598148	-0.6417537	0.6542883	0.624971
0.64916754	-0.59172046	0.6063634	0.66084766	-0.57275224	-0.50558245	0.56933993	0.5785629	0.6512244	0.67404985	-0.64244777	-0.56070316	-0.62654245	-0.6466323	0.6050982	0.5555592
-0.1534286	0.16388634	-0.15798385	-0.1579312	0.1683582	0.14764586	-0.138378	-0.20514518	-0.19107768	-0.16407722	0.1402274	0.20944333	0.16201219	0.20367055	-0.11089947	-0.19420294
0.24051113	-0.18359597	0.17179154	0.19555132	-0.20547672	-0.18458852	0.19142257	0.17719863	0.21537004	0.22383572	-0.2015576	-0.17345375	-0.23285818	-0.26003006	0.19789454	0.18944609
0.1471154	-0.19821103	0.23550957	0.20101282	-0.16363686	-0.17086737	0.18213455	0.20248988	0.23952316	0.15031883	-0.18656303	-0.16124775	-0.16205205	-0.18583564	0.16318804	0.17452465
-0.016717443	0.02282188	-0.058171187	-0.055695686	0.073710896	0.0831325	-0.043928258	-0.082517676	-0.021240488	-0.08758894	0.053956747	0.023812033	-0.0015115659	0.03362435	-0.0076583475	-0.02939457
-0.10534991	0.07989472	-0.057320107	-0.16617252	0.13470723	0.18641458	-0.12624165	-0.119696796	-0.10808755	-0.13412651	0.15403248	0.10455159	0.06550533	0.118700646	-0.07054485	-0.18068226
-0.3475153	0.32475826	-0.2968877	-0.3374431	0.33978477	0.25846535	-0.26527968	-0.2549492	-0.33022347	-0.32528898	0.25718176	0.25786972	0.28384587	0.3386519	-0.26592904	-0.3082138
-0.015443082	-0.016503472	0.034094233	-0.026476704	0.019138396	-0.0034457135	0.040292	0.025053352	-0.033336867	0.00930706	-0.040690027	0.019672357	-0.048923373	-0.03932354	0.0073947473	-0.030479634
0.5717723	-0.5294805	0.5526437	0.50906265	-0.5258248	-0.42897525	0.47437584	0.47282588	0.5034477	0.5017006	-0.56595063	-0.45946088	-0.5408171	-0.5510262	0.52174485	0.3891611
0.017106503	0.018238932	0.000105850966	-0.059430324	0.060720447	0.025790075	-0.015253102	-0.047867145	-0.005006625	-0.04602779	0.032160606	0.08223763	-0.006457939	0.037413087	-0.012697819	-0.047815755
-0.21492893	0.23357527	-0.13601707	-0.180775	0.20152524	0.23634289	-0.15982804	-0.23698759	-0.21581405	-0.22168125	0.17850989	0.17897081	0.17196213	0.25583267	-0.12953337	-0.2602185
-0.496599	0.54339266	-0.46103457	-0.60704434	0.5739972	0.56233937	-0.5025833	-0.47900033	-0.57505983	-0.5773279	0.546305	0.50763357	0.47659707	0.5313787	-0.42649475	-0.5769932
-0.1891245	0.2133225	-0.13373388	-0.22555277	0.27624276	0.22803606	-0.20855398	-0.1517768	-0.18451507	-0.16717777	0.21617103	0.18384086	0.17013656	0.2505024	-0.12164796	-0.15990822
-0.04138434	0.04359777	-0.012396872	-0.040201355	0.14014721	0.11595941	-0.073089965	-0.08502945	-0.10498494	-0.03545598	0.033046592	0.061772488	0.056845628	0.058404714	-0.007868853	-0.15145504
0.12241061	-0.17546372	0.17011163	0.13499217	-0.13530074	-0.16745552	0.18860732	0.12914023	0.18970636	0.115666814	-0.15424328	-0.12869123	-0.18830709	-0.17853628	0.17773595	0.1304931
0.015553294	0.013904346	0.04872191	-0.0129555	0.009950738	0.024809161	0.05999118	-0.0023745976	-0.0010693112	0.034002237	-0.060206663	-0.04834364	-0.030229485	0.019991802	0.08344573	0.06214097
-0.1735485	0.2562857	-0.16542886	-0.2369677	0.20524569	0.15653694	-0.24979235	-0.19523421	-0.1942806	-0.24228266	0.18471484	0.18519321	0.16173482	0.19723727	-0.15786125	-0.14851399
0.59348017	-0.63723356	0.58162117	0.6351723	-0.596784	-0.56283534	0.5522424	0.53278196	0.6065935	0.61109364	-0.5750697	-0.60166013	-0.6341418	-0.5625794	0.6008066	0.5243286
0.27679792	-0.2734209	0.31118315	0.23569816	-0.27423963	-0.22564884	0.22210154	0.27082905	0.21643019	0.2884105	-0.24287641	-0.26241806	-0.21789931	-0.2941915	0.2894969	0.21006557
0.48124003	-0.43873286	0.44590384	0.46968165	-0.36268362	-0.36676076	0.45356438	0.4395437	0.42957434	0.45533517	-0.4191518	-0.4095823	-0.43872094	-0.4264131	0.5007836	0.3412128
0.38116857	-0.39749092	0.41031405	0.3299867	-0.2777155	-0.24670112	0.36487627	0.34970114	0.39293814	0.3572055	-0.41565427	-0.35234472	-0.38925898	-0.32575947	0.39588034	0.13438578
0.2965162	-0.2563125	0.21424969	0.26083288	-0.16928384	-0.14094067	0.25115702	0.21684986	0.24484421	0.2028793	-0.27940425	-0.18654405	-0.27297562	-0.18488607	0.28700736	0.12161889
0.4539508	-0.5018971	0.4886447	0.51484656	-0.54812837	-0.4821369	0.48039773	0.52194273	0.52944463	0.52208084	-0.47945803	-0.43951508	-0.46686828	-0.53492653	0.4332166	0.47210002
-0.063513495	0.021152416	-0.028381087	-0.036895607	0.049168177	-0.01386988	-0.07634906	-0.014746187	-0.022209987	0.028799264	0.067686066	-0.015266788	0.063271716	-0.004303256	-0.023125937	-0.017927816
-0.4533352	0.47293416	-0.37717932	-0.48358172	0.5152497	0.47254604	-0.4710643	-0.460158	-0.4377414	-0.46948987	0.5335988	0.41123948	0.41807112	0.51158285	-0.4520591	-0.384633
-0.07521491	0.055973135	-0.09045537	-0.07638832	0.1093614	0.08805963	-0.11108516	-0.05334403	-0.0769832	-0.10411789	0.13852844	0.15387222	0.09406703	0.14369169	-0.03446245	-0.17196517
-0.08500808	0.042904694	-0.05943576	-0.09871197	0.09518977	0.07025557	-0.12797758	-0.12222095	-0.056895558	-0.03799266	0.09301208	0.09337012	0.10088872	0.05083624	-0.04973639	-0.13497506
-0.5492767	0.5344853	-0.4568039	-0.5823059	0.5772731	0.5168607	-0.54300463	-0.55218416	-0.61862993	-0.51825744	0.5233928	0.56632453	0.5205486	0.5443176	-0.48536745	-0.4671337
-0.12542933	0.24083154	-0.17026477	-0.18398067	0.1764405	0.18475404	-0.2060855	-0.23258181	-0.21034187	-0.20846178	0.19821207	0.20672381	0.1433333	0.20044267	-0.09968837	-0.23164025
0.022618592	-0.021181805	0.100071594	0.010910299	-0.031510435	0.021859974	0.0063763508	0.030765602	0.06483604	0.018759241	-0.055675153	-0.0064329742	0.0056301435	-0.059089866	0.08373136	-0.042768348
0.40862575	-0.3617845	0.33539376	0.4261599	-0.3411963	-0.29873165	0.33153635	0.39101648	0.37429076	0.32451552	-0.36173844	-0.35729066	-0.40641436	-0.41960812	0.2992177	0.32928628
0.5423585	-0.59666085	0.5370166	0.5894022	-0.5616583	-0.5784873	0.6008378	0.59175366	0.55855876	0.57451016	-0.5699593	-0.55441236	-0.5390715	-0.5459506	0.4748486	0.5021625
-0.7039993	0.65201193	-0.5559229	-0.6510485	0.6881697	0.6543499	-0.6921489	-0.60098153	-0.6860683	-0.662314	0.67429113	0.6536372	0.678886	0.6867414	-0.5549564	-0.5995649
0.2699152	-0.26469392	0.26915604	0.18768933	-0.1579644	-0.19554122	0.21435764	0.19016942	0.21533059	0.18634184	-0.20128189	-0.20814663	-0.19527732	-0.23161297	0.19977942	0.1522787
-0.59336585	0.70647794	-0.5697821	-0.6660837	0.67854345	0.63909924	-0.6831544	-0.58935565	-0.70087	-0.64677864	0.6342589	0.6108734	0.63029367	0.6172626	-0.60322034	-0.5751262
-0.67517567	0.6867726	-0.6201479	-0.6538896	0.6560965	0.5944626	-0.6195641	-0.63913286	-0.65232104	-0.602032	0.6889573	0.640847	0.63229465	0.6903522	-0.56828856	-0.5634425
-0.5628192	0.5530441	-0.4920375	-0.5144039	0.5677479	0.54397017	-0.5111259	-0.46371567	-0.5724885	-0.5243179	0.51283705	0.49033815	0.47472402	0.56547874	-0.43113258	-0.5099709
0.3823025	-0.36968255	0.38019043	0.30549866	-0.2969144	-0.34862915	0.29850942	0.28335238	0.38253778	0.3828438	-0.38985044	-0.30251214	-0.3503897	-0.31238922	0.31472102	0.29110762
-0.1666904	0.15928347	-0.08558304	-0.13463064	0.1750328	0.08955658	-0.10631214	-0.13530473	-0.15725663	-0.1113178	0.111932985	0.100828856	0.17337325	0.1297656	-0.13485211	-0.08601175
0.07619472	-0.12516187	0.14097884	0.11074782	-0.09583803	-0.07763322	0.09172772	0.052074607	0.06736248	0.10285011	-0.13897394	-0.12833554	-0.12210592	-0.094289795	0.067321174	0.061281666
0.16114168	-0.19421475	0.16730997	0.12243667	-0.14066875	-0.1334703	0.10863808	0.13834359	0.14728352	0.18120554	-0.1856038	-0.1839656	-0.11733242	-0.16228169	0.10833096	0.13094649
-0.14840345	0.077947564	-0.12535964	-0.09585911	0.1357014	0.115405045	-0.08299577	-0.12770665	-0.0825128	-0.14650194	0.110376246	0.13022618	0.16236147	0.16091262	-0.12131412	-0.071666956
0.6626177	-0.6333766	0.6176503	0.7239789	-0.6313428	-0.61996764	0.678183	0.6267116	0.68193567	0.64918774	-0.6948864	-0.67124027	-0.6267746	-0.6280058	0.58242875	0.5695171
0.10755295	-0.11734118	0.1257443	0.117192835	-0.08228947	-0.09563512	0.14716543	0.10843117	0.0856687	0.1256526	-0.1645041	-0.09260244	-0.14097776	-0.12353556	0.14817865	0.048681047
0.031190028	-0.010595558	-0.024070835	-0.066124626	0.11017916	0.07395428	-0.0014951098	-0.006470077	-0.06283859	0.03695086	0.061254285	0.07785835	-0.008851308	0.040867172	0.034947876	-0.12680535
-0.19336855	0.2149938	-0.12866239	-0.19342661	0.2263692	0.12114824	-0.14593217	-0.12924893	-0.18545361	-0.21876013	0.14726883	0.14332636	0.18301938	0.1562084	-0.18885171	-0.17490467
0.3214403	-0.32791197	0.37238824	0.36487445	-0.26500854	-0.21453719	0.36414802	0.29062787	0.310759	0.32829267	-0.3306774	-0.269829	-0.2929351	-0.26116574	0.3908164	0.13940592
0.55995333	-0.61852044	0.56532145	0.6474082	-0.5909765	-0.57593083	0.5913709	0.5502297	0.633587	0.5670237	-0.6377716	-0.5973776	-0.62608135	-0.63205934	0.548388	0.54537934
-0.13633831	0.067164086	-0.13013363	-0.070582435	0.077535406	0.073481604	-0.13874865	-0.088618785	-0.16031103	-0.14856632	0.11666883	0.07029291	0.064677924	0.109012194	-0.04179385	-0.13388123
0.32215413	-0.3375806	0.2742235	0.3375748	-0.3000545	-0.27405378	0.37054983	0.31290337	0.38253686	0.3819157	-0.37943324	-0.2782355	-0.28075612	-0.3537999	0.3657595	0.29642445
0.6516395	-0.6098407	0.54134566	0.64802754	-0.67963934	-0.5933306	0.58527774	0.5477044	0.6713208	0.5838899	-0.6224333	-0.572178	-0.6268473	-0.6192683	0.55059135	0.5366605
0.35406768	-0.3292698	0.35537907	0.33237478	-0.328738	-0.35851133	0.3505079	0.37636384	0.31414792	0.32184854	-0.32918018	-0.36979297	-0.29949427	-0.3065466	0.30228665	0.34495425
0.45535725	-0.48186618	0.42090997	0.5080725	-0.48419875	-0.38666502	0.4999754	0.44797343	0.47877818	0.49763528	-0.53578174	-0.503878	-0.45131922	-0.49397317	0.43910888	0.4383986
-0.18735613	0.21658565	-0.14653759	-0.25557962	0.25495496	0.24297057	-0.26482797	-0.20766886	-0.21643318	-0.18496034	0.24916027	0.26111752	0.18136172	0.28754282	-0.15297464	-0.24152543
-0.13201495	0.15022309	-0.20757307	-0.16866884	0.19354871	0.11449965	-0.23258781	-0.17622676	-0.14706805	-0.14092392	0.18457787	0.14300315	0.1502261	0.18566518	-0.1801989	-0.08765486
-0.0661126	0.13617142	-0.04193654	-0.12341106	0.18095103	0.09993374	-0.17282023	-0.09223467	-0.13841635	-0.109194234	0.15954745	0.14946847	0.123724155	0.08725453	-0.09035449	-0.19609445
-0.34077325	0.3815899	-0.26633728	-0.41610372	0.37815017	0.29602227	-0.3196059	-0.3027351	-0.36130238	-0.36571342	0.310477	0.37856123	0.37377802	0.33131856	-0.2945405	-0.39219305
-0.5620024	0.58351094	-0.48719802	-0.58786047	0.54199624	0.562559	-0.523595	-0.48944917	-0.51496565	-0.58147025	0.5755355	0.50065595	0.51347697	0.58376235	-0.4485615	-0.519084
-0.5745493	0.52748644	-0.5090817	-0.57352066	0.5731019	0.5261334	-0.5849192	-0.5185232	-0.54742795	-0.5014734	0.60565776	0.5421306	0.57639116	0.60445046	-0.45122993	-0.5370753
-0.39631084	0.44555423	-0.39245126	-0.5350779	0.53942955	0.44958588	-0.5042587	-0.45388547	-0.43621707	-0.46415272	0.45288557	0.45800155	0.43713197	0.50669295	-0.38195613	-0.44296923
-0.14272994	0.20630902	-0.09745341	-0.14662147	0.14478742	0.15269193	-0.19549051	-0.1830722	-0.14401275	-0.17123504	0.20463179	0.12742001	0.20627202	0.14496726	-0.1391691	-0.19267759
-0.37003794	0.36585864	-0.3328068	-0.4092443	0.41396192	0.4014618	-0.34187418	-0.39288256	-0.34041643	-0.38397673	0.37601107	0.35469806	0.41894466	0.34209034	-0.34061915	-0.37706867
-0.26690122	0.2850085	-0.19232579	-0.27583733	0.27786756	0.2569428	-0.28423166	-0.1946216	-0.23211151	-0.2105535	0.26995695	0.2801328	0.2757281	0.2397835	-0.23400503	-0.25508624
0.26198697	-0.27573416	0.32106215	0.28670827	-0.32543284	-0.28242838	0.28024065	0.28034034	0.24695812	0.29673326	-0.29555067	-0.23045182	-0.2764495	-0.25734437	0.29114273	0.21170418
-0.14671373	0.13382587	-0.13525806	-0.16946404	0.18827984	0.12376804	-0.1567334	-0.20510711	-0.13398947	-0.12939918	0.13050096	0.22030567	0.12303059	0.16494404	-0.15126622	-0.13573653
-0.21284525	0.26186195	-0.13132541	-0.21643387	0.1872726	0.25222886	-0.23195776	-0.1917341	-0.21709824	-0.16931067	0.22613312	0.19331457	0.18231809	0.2621086	-0.16882831	-0.1921953
-0.4506938	0.41121066	-0.30519572	-0.4161407	0.45604238	0.41135684	-0.44046554	-0.39479285	-0.40727293	-0.3576292	0.46956673	0.4496229	0.43898627	0.44056782	-0.31604803	-0.3329173
0.17188056	-0.17440246	0.14781263	0.11018908	-0.1156515	-0.053041436	0.12477539	0.10229148	0.08987633	0.15048723	-0.18026839	-0.13376424	-0.13313009	-0.1374619	0.12004924	0.012004628
-0.31798026	0.2863412	-0.20755196	-0.3512463	0.3481727	0.34941113	-0.2708786	-0.2520342	-0.28516	-0.34355637	0.33154905	0.294974	0.2516426	0.357749	-0.26775444	-0.35545948
-0.0870066	0.06965004	-0.06306901	-0.06575597	0.09403317	0.08629706	-0.045434	-0.039	-0.101210125	-0.1336323	0.10980351	0.06203145	0.087778576	0.091074996	-0.052918095	-0.08430975
0.13378903	-0.1675237	0.08398258	0.12919652	-0.14708443	-0.21133623	0.106757484	0.16982938	0.16205356	0.14719191	-0.1534634	-0.13888474	-0.087807186	-0.17589937	0.037809055	0.19882835
-0.20903604	0.21572322	-0.24315147	-0.24037254	0.24752893	0.2656679	-0.24878351	-0.20194761	-0.23414788	-0.25092384	0.26869613	0.20083292	0.23577432	0.27244264	-0.26105303	-0.1915132
-0.14853808	0.14587554	-0.05446956	-0.17008944	0.1292657	0.09674007	-0.07448558	-0.104890436	-0.06508972	-0.12362283	0.14561477	0.1283303	0.14188486	0.10320851	-0.02320944	-0.14582182
-0.012558907	0.0044983937	-0.03679315	-0.015440404	0.032194983	-0.020198608	0.0020470975	-0.018994043	-0.024753237	0.047643464	-0.046930626	-0.04594914	-0.016794663	0.020299729	-0.014312816	0.040907104
0.033350218	-0.025505763	0.030615885	-0.052423876	0.062001504	-0.019058524	-0.04864376	-0.045788936	-0.03149613	0.010609204	-0.010770702	-0.020263588	-0.031467956	0.019872643	-0.040170122	-0.065496415
0.08715946	-0.16879302	0.09396212	0.119585805	-0.15501654	-0.16788094	0.16644865	0.12158467	0.09782207	0.14041173	-0.1201963	-0.11255056	-0.06901772	-0.15908356	0.082871154	0.2494295
-0.19347379	0.22444272	-0.220503	-0.2975293	0.26585254	0.2278052	-0.27199858	-0.22708386	-0.20991527	-0.25156078	0.2855927	0.22854358	0.19829571	0.20645155	-0.22363347	-0.21735777
0.16005182	-0.13566256	0.121121064	0.094663836	-0.09752724	-0.054329503	0.10361704	0.06545902	0.109452	0.09458265	-0.051542282	-0.035887424	-0.107755594	-0.10142938	0.16058095	-0.033740256
-0.2368008	0.2719618	-0.21357645	-0.31678534	0.29958174	0.24377342	-0.24789105	-0.31890476	-0.33140185	-0.24866122	0.2617829	0.26838613	0.3177897	0.31264946	-0.23496048	-0.26647568
-0.60001653	0.5729763	-0.54241025	-0.58750015	0.6043693	0.5874214	-0.5996402	-0.6114152	-0.6335513	-0.56282383	0.61549807	0.6248629	0.61617965	0.5755796	-0.55278164	-0.548709
0.13260062	-0.1155957	0.15462941	0.053689286	-0.05535352	-0.13181625	0.09577099	0.10494927	0.11225853	0.08522367	-0.07961227	-0.058199693	-0.13699315	-0.08244429	0.079007626	0.04415341
0.28886685	-0.2680362	0.294337	0.30884752	-0.2694448	-0.27771103	0.25968635	0.24422297	0.3417691	0.35012573	-0.2819792	-0.2843921	-0.28121108	-0.2522811	0.29162705	0.21703699
-0.5583115	0.5651021	-0.4557487	-0.5665158	0.61134696	0.53936744	-0.54310286	-0.5047127	-0.60366255	-0.5362573	0.60370535	0.5293486	0.53116095	0.5333162	-0.49573246	-0.5407862
-0.27616498	0.26446086	-0.29025072	-0.35048586	0.35826614	0.31215495	-0.3364322	-0.3165307	-0.29604775	-0.27423054	0.3622151	0.32083514	0.29605022	0.28140047	-0.29359862	-0.33299416
-0.08730822	0.15914913	-0.067189716	-0.1125171	0.135072	0.07888787	-0.11007663	-0.11599212	-0.10349024	-0.12041186	0.16343129	0.07898299	0.086656116	0.07996315	-0.055571545	-0.05991524
-0.18308616	0.16153161	-0.10860236	-0.15860114	0.1829652	0.17380965	-0.17212981	-0.092657395	-0.15639506	-0.14914973	0.14417768	0.12813686	0.0840578	0.18051234	-0.06205772	-0.16842347
0.38162547	-0.3902551	0.32031548	0.43400463	-0.38014764	-0.38959157	0.42342585	0.31126586	0.38290128	0.38591695	-0.3978585	-0.3681084	-0.41354206	-0.3760865	0.32083213	0.35150546
-0.0012024427	0.0077277124	0.027647067	-0.004112895	-0.00032676768	0.032697286	-0.056100536	0.025289759	0.023494735	-0.040994126	0.024426041	0.060337145	-0.038517945	-0.025230909	-0.04723602	-0.013643157
0.0038882012	-0.0029183917	-0.006845734	-0.011203462	-0.028483545	0.0012228198	0.022318948	-0.01735866	-0.017561985	0.008165253	0.04298572	0.02290844	-0.021064196	0.026173063	0.009022685	-0.0055579464
-0.124285616	0.055532753	-0.09294047	-0.064913176	0.07296297	0.13405818	-0.1507968	-0.08510809	-0.0724368	-0.070278116	0.11978811	0.111615345	0.09014943	0.1611227	-0.08847316	-0.10222576
-0.099911526	0.019190764	-0.04188151	-0.017613718	0.093931176	0.03384618	-0.07489684	-0.018376503	-0.071059085	-0.090699635	0.0958776	0.06602092	0.050499953	0.03762304	-0.09080685	-0.020281037
-0.07213202	0.048948534	-0.03782414	-0.011593534	0.08020855	0.07882839	-0.063943855	-0.06985518	-0.06527752	-0.06695628	0.062789105	-0.008568873	-0.01366018	0.058527842	-0.015074972	-0.02477975
0.20798047	-0.1552605	0.10652856	0.1356747	-0.11370119	-0.13418314	0.1162956	0.107437365	0.14719902	0.15750754	-0.11399633	-0.17956352	-0.15947382	-0.12127031	0.14551862	0.094441995
0.044522244	-0.059027124	0.13361685	0.114603005	-0.094679944	-0.101946324	0.037027683	0.11813567	0.0913042	0.124271624	-0.08505735	-0.10494098	-0.050592	-0.09921586	0.09684701	0.048251424
-0.5529077	0.5753008	-0.45072097	-0.5285785	0.5320095	0.4985391	-0.54889137	-0.51413536	-0.54709905	-0.57059747	0.5089604	0.50658953	0.48959753	0.52693105	-0.4597243	-0.4571823
0.02206043	-0.0921369	0.037463926	0.025434097	-0.009531408	-0.05948999	0.049264736	0.06491621	0.078300744	-0.0030313674	-0.024824142	-0.0032840702	-0.017280566	-0.04198635	0.07127343	0.018598432
-0.38754004	0.37558827	-0.37758893	-0.43061283	0.40022972	0.3173445	-0.38890478	-0.3470164	-0.36736852	-0.4276671	0.38204366	0.3989845	0.3989251	0.36360154	-0.35888737	-0.35600957
-0.5276495	0.585471	-0.50075126	-0.59832627	0.50193757	0.46602568	-0.4980002	-0.5036841	-0.52418137	-0.5252594	0.5872405	0.57112527	0.5276752	0.5380081	-0.43062967	-0.44493243
-0.51546997	0.4401777	-0.4171776	-0.5489117	0.5121399	0.42937958	-0.4659413	-0.48286748	-0.4770237	-0.42651555	0.47830784	0.49722114	0.4626666	0.5327938	-0.42071304	-0.44118196
0.5252324	-0.5230641	0.49120694	0.5112187	-0.4782994	-0.44231498	0.5061818	0.4450624	0.51408195	0.54547685	-0.49140823	-0.4736241	-0.513663	-0.46044746	0.50098705	0.44858742
0.4999108	-0.4637503	0.430013	0.50971365	-0.49072853	-0.40817064	0.48659503	0.514513	0.55055815	0.5116928	-0.49625954	-0.4581116	-0.45692703	-0.5183053	0.49621513	0.40583292
0.17946622	-0.21368529	0.17646605	0.24371213	-0.15988666	-0.13289316	0.22428145	0.23060584	0.24689546	0.16792129	-0.22288457	-0.23949645	-0.21000722	-0.23621313	0.22161533	0.20014638
0.13534264	-0.1345525	0.08314443	0.15914221	-0.19046053	-0.218229	0.11963484	0.17760727	0.18327469	0.11427788	-0.1234526	-0.1779506	-0.1362488	-0.12958556	0.08568463	0.2146081
0.5407549	-0.58140093	0.5525072	0.5904933	-0.5566667	-0.56026983	0.5346156	0.5784575	0.5873443	0.63543797	-0.6196295	-0.61098087	-0.62458926	-0.6239671	0.56136876	0.4546653
0.055839892	-0.026405906	0.058336034	0.05926228	-0.093085326	-0.041878607	0.003786376	0.030126464	0.04480086	0.0031415147	-0.047428235	-0.052013256	-0.031443268	-0.09649061	0.04383882	0.023333458
0.48569518	-0.50839716	0.43956998	0.5201251	-0.40184683	-0.37350562	0.49032786	0.42860702	0.47743413	0.42018536	-0.4657943	-0.44830325	-0.49046773	-0.45869732	0.4090826	0.33246127
0.020530686	0.048562232	0.004758589	-0.07606716	0.06053862	-0.0040223734	-0.030805765	-0.009242786	-0.062451217	-0.04671559	-0.008856528	-0.017934775	0.073718466	0.059443314	-0.04629201	-0.0028003664
-0.24368569	0.31930926	-0.24064526	-0.30040166	0.33653075	0.29555443	-0.23615916	-0.30299622	-0.23606806	-0.23998646	0.29998425	0.27168375	0.2881649	0.2744723	-0.20595048	-0.3179951
-0.2916393	0.3006657	-0.18862353	-0.3008891	0.31015408	0.30438662	-0.30224767	-0.3367153	-0.265956	-0.31033954	0.31848916	0.3331005	0.32057568	0.29941228	-0.16266628	-0.34074047
-0.15456086	0.24732399	-0.15785372	-0.16179563	0.18958306	0.2321412	-0.22174035	-0.19878606	-0.18429622	-0.22202605	0.2176977	0.17273897	0.23919642	0.24318077	-0.15449756	-0.1831171
0.33956057	-0.3667928	0.2986186	0.31726733	-0.30687752	-0.2918319	0.32848093	0.3555236	0.35582635	0.3561791	-0.34623548	-0.35331827	-0.28153726	-0.34124222	0.27518386	0.27309588
-0.06202139	0.056529474	-0.069689795	-0.038195882	0.03988761	0.08252845	-0.116617516	-0.100513965	-0.09069591	-0.09857914	0.06993625	0.09884295	0.022803076	0.07831151	-0.038018927	-0.034278877
-0.55830175	0.5707816	-0.46312585	-0.5769695	0.570828	0.5087051	-0.55028415	-0.5399746	-0.51620275	-0.5505001	0.58059824	0.5589764	0.5257449	0.5684916	-0.44298926	-0.5275338
0.20397355	-0.26633424	0.18350382	0.26748878	-0.2130462	-0.18574013	0.2380799	0.22770478	0.23116581	0.23470703	-0.27981076	-0.19441772	-0.2861925	-0.28996268	0.23150486	0.2226622
0.386212	-0.37773788	0.35946175	0.4414849	-0.35639223	-0.35459432	0.41213733	0.3534704	0.43925247	0.3667893	-0.41059464	-0.33910307	-0.3946151	-0.4065162	0.3261234	0.38666588
-0.20315202	0.21501324	-0.13230939	-0.15388939	0.23303321	0.16529283	-0.19470295	-0.16553509	-0.18725328	-0.13201056	0.18313642	0.19475576	0.20901771	0.15012597	-0.19964923	-0.14549243
-0.15429571	0.15767416	-0.104292765	-0.19067982	0.23520541	0.23194106	-0.16145766	-0.18250805	-0.21577346	-0.18683687	0.15684932	0.2142963	0.14938994	0.25692484	-0.17982562	-0.20896412
0.048222426	-0.00624464	0.068238296	0.0068439725	0.03158379	-0.012077919	-0.009639802	0.08064862	0.06556348	0.109096445	-0.0617995	0.0052098976	-0.04347633	0.027602376	0.06722488	-0.077382684
0.5121593	-0.5830557	0.513465	0.5492034	-0.50221044	-0.46726623	0.4915977	0.51436114	0.5893458	0.5200922	-0.57255346	-0.48568282	-0.5561663	-0.5699339	0.49843225	0.47362626
0.14414394	-0.16039827	0.13462351	0.101549484	-0.13249524	-0.032511763	0.1285861	0.058546316	0.1015183	0.13415666	-0.14871597	-0.08143913	-0.09183817	-0.14552711	0.15507405	0.03556635
0.27679852	-0.2904192	0.27711758	0.30080724	-0.25164667	-0.26046565	0.2108917	0.2001653	0.31273237	0.24837776	-0.31135228	-0.26372746	-0.29811954	-0.25831005	0.23066679	0.16554274
-0.18287869	0.17687722	-0.1099993	-0.14500456	0.13081418	0.15566741	-0.20213279	-0.18975465	-0.13834548	-0.10317403	0.15307216	0.18127751	0.1252288	0.124089584	-0.1315699	-0.1059901
-0.16611335	0.20384315	-0.14008331	-0.12995811	0.18815452	0.17581984	-0.14600138	-0.09981511	-0.13471022	-0.18533349	0.11577201	0.17103283	0.09208556	0.1528091	-0.14122036	-0.16583867
-0.32764643	0.38567632	-0.30792186	-0.3255619	0.34478015	0.31924984	-0.38879243	-0.3418902	-0.4006666	-0.345525	0.37040195	0.31378582	0.3082374	0.39413452	-0.26698485	-0.3506944
-0.5968555	0.6271053	-0.5618998	-0.62057257	0.6043144	0.5855976	-0.5721439	-0.6303908	-0.57861835	-0.6093132	0.6523006	0.6251122	0.61904603	0.6073488	-0.5934417	-0.5468938
0.539551	-0.56420267	0.5519317	0.5740326	-0.5486713	-0.46445528	0.5261462	0.53932863	0.5280227	0.5545071	-0.58145714	-0.47702938	-0.47640055	-0.50784385	0.48871562	0.4287901
0.015593429	-0.027753403	0.03151765	0.07029092	-0.03271104	-0.0085074585	0.025861308	-0.0071207234	0.042917617	-7.010967e-05	-0.07734216	-0.054884177	0.0034550955	-0.050651904	-0.0026924848	0.020887421
0.20214476	-0.16756783	0.17806275	0.17998537	-0.21968743	-0.13945419	0.22199926	0.14148389	0.15764366	0.20095454	-0.21603033	-0.205402	-0.16205165	-0.13744552	0.24052626	0.155836
0.015251018	-0.05983475	-0.049490392	0.07488705	-0.06387287	-0.01934301	0.0032274812	-0.029384656	-0.041810248	-0.032978717	-0.025547788	-0.0060083047	-0.0057051447	0.013740483	-0.10162889	0.096445665
0.18193068	-0.140671	0.18239859	0.17842588	-0.16710299	-0.100900546	0.12078983	0.09920474	0.121904306	0.2153752	-0.1232709	-0.13122028	-0.1371982	-0.103149354	0.16744263	0.13939662
0.39559972	-0.38105112	0.40276793	0.46958622	-0.40600872	-0.3705107	0.457016	0.38878626	0.46725008	0.45106912	-0.47379014	-0.44934487	-0.3632827	-0.38571677	0.36035705	0.33542946
0.5488804	-0.51312613	0.50315017	0.5594736	-0.5952544	-0.53427327	0.5453775	0.56629837	0.58653903	0.5906353	-0.5677631	-0.51737404	-0.52899075	-0.53977185	0.520179	0.50996196
0.1457417	-0.107463606	0.16471106	0.052085318	-0.08315574	0.0065405034	0.07399415	0.064612806	0.073052876	0.1489136	-0.062627815	-0.055162728	-0.09749687	-0.118540935	0.10923379	0.03573884
-0.53395534	0.602539	-0.5348541	-0.6293618	0.5443715	0.5765143	-0.6058538	-0.50267905	-0.56763124	-0.5621652	0.58685124	0.5103742	0.53419983	0.61244	-0.4970437	-0.5483795
0.22367479	-0.16005945	0.20974232	0.17163618	-0.12334853	-0.12922922	0.16432819	0.1968527	0.1839901	0.16279939	-0.19086163	-0.1498981	-0.19724417	-0.15263532	0.19931605	0.058857113
0.019253058	-0.013834655	0.0038456516	-0.022309156	-0.024925858	-0.027572023	0.046525765	0.040923893	0.016429976	-0.008719001	0.007505608	0.0059116455	-0.066403486	-0.024581693	-0.019442294	0.04203533
-0.15042883	0.14746027	-0.1211454	-0.18998207	0.1601056	0.0929905	-0.090749666	-0.11970479	-0.17710261	-0.15688445	0.09630082	0.117812686	0.16684149	0.12741265	-0.12645006	-0.14328487
0.44753516	-0.36617923	0.4158939	0.40940493	-0.38710922	-0.41385588	0.41135037	0.3971519	0.43781248	0.4173289	-0.44778803	-0.34764752	-0.35315862	-0.37777266	0.37140247	0.3739955
-0.06541758	0.035523903	-0.020794855	-0.03172288	0.048642877	0.104935035	-0.093396135	-0.050150376	-0.042735428	-0.02538558	0.033826593	0.065302536	0.026818125	0.10622741	-0.06903835	-0.01309349
-0.45914832	0.48899636	-0.4315128	-0.49615708	0.54519486	0.4095906	-0.4900777	-0.46078688	-0.4434997	-0.47046962	0.46403775	0.46720338	0.48275435	0.51447403	-0.37896717	-0.39437762
-0.3961248	0.35710046	-0.30253422	-0.3848797	0.3950904	0.36259082	-0.3728662	-0.34396622	-0.398007	-0.3423659	0.3543738	0.3430677	0.33261415	0.43785575	-0.31037068	-0.3503339
0.034572605	-0.05594451	0.14494045	0.05727335	-0.0031717974	-0.01777114	0.024896946	0.08563212	0.09134465	0.1026731	-0.10051948	-0.02698466	-0.10421863	0.003918462	0.12019365	-0.07360974
0.13049637	-0.071998104	0.106150664	0.13411298	-0.12670627	-0.06492912	0.15120968	0.1163613	0.08000372	0.09766296	-0.078031905	-0.14257148	-0.11379806	-0.0784807	0.055936817	0.03895024
0.13489363	-0.18573354	0.1124872	0.12813456	-0.16373417	-0.12218906	0.11603375	0.18805504	0.12049512	0.1289911	-0.10818056	-0.11052955	-0.14554195	-0.19047314	0.11159594	0.16836946
-0.40863302	0.40385112	-0.2669239	-0.4365914	0.5001721	0.4432455	-0.42296427	-0.43882775	-0.45582142	-0.39996323	0.40554932	0.37171927	0.42798746	0.46783158	-0.31591135	-0.4099602
